file,deer
deer_0_0.jpg,1
deer_0_1.jpg,1
deer_0_10.jpg,1
deer_0_11.jpg,1
deer_0_12.jpg,1
deer_0_13.jpg,1
deer_0_14.jpg,1
deer_0_15.jpg,1
deer_0_16.jpg,1
deer_0_17.jpg,1
deer_0_18.jpg,1
deer_0_19.jpg,1
deer_0_2.jpg,1
deer_0_20.jpg,1
deer_0_21.jpg,1
deer_0_22.jpg,1
deer_0_23.jpg,1
deer_0_24.jpg,1
deer_0_25.jpg,1
deer_0_26.jpg,1
deer_0_27.jpg,1
deer_0_28.jpg,1
deer_0_29.jpg,1
deer_0_3.jpg,1
deer_0_30.jpg,1
deer_0_31.jpg,1
deer_0_32.jpg,1
deer_0_33.jpg,1
deer_0_34.jpg,1
deer_0_35.jpg,1
deer_0_36.jpg,1
deer_0_37.jpg,1
deer_0_38.jpg,1
deer_0_39.jpg,1
deer_0_4.jpg,1
deer_0_40.jpg,1
deer_0_41.jpg,1
deer_0_42.jpg,1
deer_0_43.jpg,1
deer_0_44.jpg,1
deer_0_45.jpg,1
deer_0_46.jpg,1
deer_0_47.jpg,1
deer_0_48.jpg,1
deer_0_49.jpg,1
deer_0_5.jpg,1
deer_0_50.jpg,1
deer_0_51.jpg,1
deer_0_52.jpg,1
deer_0_53.jpg,1
deer_0_54.jpg,1
deer_0_55.jpg,1
deer_0_56.jpg,1
deer_0_57.jpg,1
deer_0_58.jpg,1
deer_0_59.jpg,1
deer_0_6.jpg,1
deer_0_60.jpg,1
deer_0_61.jpg,1
deer_0_62.jpg,1
deer_0_63.jpg,1
deer_0_64.jpg,1
deer_0_65.jpg,1
deer_0_66.jpg,1
deer_0_67.jpg,1
deer_0_68.jpg,1
deer_0_69.jpg,1
deer_0_7.jpg,1
deer_0_70.jpg,1
deer_0_71.jpg,1
deer_0_72.jpg,1
deer_0_73.jpg,1
deer_0_74.jpg,1
deer_0_75.jpg,1
deer_0_76.jpg,1
deer_0_77.jpg,1
deer_0_78.jpg,1
deer_0_79.jpg,1
deer_0_8.jpg,1
deer_0_9.jpg,1
deer_10_0.jpg,1
deer_10_1.jpg,1
deer_10_10.jpg,1
deer_10_11.jpg,1
deer_10_12.jpg,1
deer_10_13.jpg,1
deer_10_14.jpg,1
deer_10_15.jpg,1
deer_10_16.jpg,1
deer_10_17.jpg,1
deer_10_18.jpg,1
deer_10_19.jpg,1
deer_10_2.jpg,1
deer_10_20.jpg,1
deer_10_21.jpg,1
deer_10_22.jpg,1
deer_10_23.jpg,1
deer_10_24.jpg,1
deer_10_25.jpg,1
deer_10_26.jpg,1
deer_10_27.jpg,1
deer_10_28.jpg,1
deer_10_29.jpg,1
deer_10_3.jpg,1
deer_10_30.jpg,1
deer_10_31.jpg,1
deer_10_32.jpg,1
deer_10_33.jpg,1
deer_10_34.jpg,1
deer_10_35.jpg,1
deer_10_36.jpg,1
deer_10_37.jpg,1
deer_10_38.jpg,1
deer_10_39.jpg,1
deer_10_4.jpg,1
deer_10_40.jpg,1
deer_10_41.jpg,1
deer_10_42.jpg,1
deer_10_43.jpg,1
deer_10_44.jpg,1
deer_10_45.jpg,1
deer_10_46.jpg,1
deer_10_47.jpg,1
deer_10_48.jpg,1
deer_10_49.jpg,1
deer_10_5.jpg,1
deer_10_50.jpg,1
deer_10_51.jpg,1
deer_10_52.jpg,1
deer_10_53.jpg,1
deer_10_54.jpg,1
deer_10_55.jpg,1
deer_10_56.jpg,1
deer_10_57.jpg,1
deer_10_58.jpg,1
deer_10_59.jpg,1
deer_10_6.jpg,1
deer_10_60.jpg,1
deer_10_61.jpg,1
deer_10_62.jpg,1
deer_10_63.jpg,1
deer_10_64.jpg,1
deer_10_65.jpg,1
deer_10_66.jpg,1
deer_10_67.jpg,1
deer_10_68.jpg,1
deer_10_69.jpg,1
deer_10_7.jpg,1
deer_10_70.jpg,1
deer_10_71.jpg,1
deer_10_72.jpg,1
deer_10_73.jpg,1
deer_10_74.jpg,1
deer_10_75.jpg,1
deer_10_76.jpg,1
deer_10_77.jpg,1
deer_10_78.jpg,1
deer_10_79.jpg,1
deer_10_8.jpg,1
deer_10_9.jpg,1
deer_11_0.jpg,1
deer_11_1.jpg,1
deer_11_10.jpg,1
deer_11_11.jpg,1
deer_11_12.jpg,1
deer_11_13.jpg,1
deer_11_14.jpg,1
deer_11_15.jpg,1
deer_11_16.jpg,1
deer_11_17.jpg,1
deer_11_18.jpg,1
deer_11_19.jpg,1
deer_11_2.jpg,1
deer_11_20.jpg,1
deer_11_21.jpg,1
deer_11_22.jpg,1
deer_11_23.jpg,1
deer_11_24.jpg,1
deer_11_25.jpg,1
deer_11_26.jpg,1
deer_11_27.jpg,1
deer_11_28.jpg,1
deer_11_29.jpg,1
deer_11_3.jpg,1
deer_11_30.jpg,1
deer_11_31.jpg,1
deer_11_32.jpg,1
deer_11_33.jpg,1
deer_11_34.jpg,1
deer_11_35.jpg,1
deer_11_36.jpg,1
deer_11_37.jpg,1
deer_11_38.jpg,1
deer_11_39.jpg,1
deer_11_4.jpg,1
deer_11_40.jpg,1
deer_11_41.jpg,1
deer_11_42.jpg,1
deer_11_43.jpg,1
deer_11_44.jpg,1
deer_11_45.jpg,1
deer_11_46.jpg,1
deer_11_47.jpg,1
deer_11_48.jpg,1
deer_11_49.jpg,1
deer_11_5.jpg,1
deer_11_50.jpg,1
deer_11_51.jpg,1
deer_11_52.jpg,1
deer_11_53.jpg,1
deer_11_54.jpg,1
deer_11_55.jpg,1
deer_11_56.jpg,1
deer_11_57.jpg,1
deer_11_58.jpg,1
deer_11_59.jpg,1
deer_11_6.jpg,1
deer_11_60.jpg,1
deer_11_61.jpg,1
deer_11_62.jpg,1
deer_11_63.jpg,1
deer_11_64.jpg,1
deer_11_65.jpg,1
deer_11_66.jpg,1
deer_11_67.jpg,1
deer_11_68.jpg,1
deer_11_69.jpg,1
deer_11_7.jpg,1
deer_11_70.jpg,1
deer_11_71.jpg,1
deer_11_72.jpg,1
deer_11_73.jpg,1
deer_11_74.jpg,1
deer_11_75.jpg,1
deer_11_76.jpg,1
deer_11_77.jpg,1
deer_11_78.jpg,1
deer_11_79.jpg,1
deer_11_8.jpg,1
deer_11_9.jpg,1
deer_12_0.jpg,1
deer_12_1.jpg,1
deer_12_10.jpg,1
deer_12_11.jpg,1
deer_12_12.jpg,1
deer_12_13.jpg,1
deer_12_14.jpg,1
deer_12_15.jpg,1
deer_12_16.jpg,1
deer_12_17.jpg,1
deer_12_18.jpg,1
deer_12_19.jpg,1
deer_12_2.jpg,1
deer_12_20.jpg,1
deer_12_21.jpg,1
deer_12_22.jpg,1
deer_12_23.jpg,1
deer_12_24.jpg,1
deer_12_25.jpg,1
deer_12_26.jpg,1
deer_12_27.jpg,1
deer_12_28.jpg,1
deer_12_29.jpg,1
deer_12_3.jpg,1
deer_12_30.jpg,1
deer_12_31.jpg,1
deer_12_32.jpg,1
deer_12_33.jpg,1
deer_12_34.jpg,1
deer_12_35.jpg,1
deer_12_36.jpg,1
deer_12_37.jpg,1
deer_12_38.jpg,1
deer_12_39.jpg,1
deer_12_4.jpg,1
deer_12_40.jpg,1
deer_12_41.jpg,1
deer_12_42.jpg,1
deer_12_43.jpg,1
deer_12_44.jpg,1
deer_12_45.jpg,1
deer_12_46.jpg,1
deer_12_47.jpg,1
deer_12_48.jpg,1
deer_12_49.jpeg,1
deer_12_5.jpg,1
deer_12_50.jpg,1
deer_12_51.jpg,1
deer_12_52.jpg,1
deer_12_53.jpg,1
deer_12_54.jpg,1
deer_12_55.jpg,1
deer_12_56.jpg,1
deer_12_57.jpg,1
deer_12_58.jpg,1
deer_12_59.jpg,1
deer_12_6.jpg,1
deer_12_60.jpg,1
deer_12_61.jpg,1
deer_12_62.jpg,1
deer_12_63.jpg,1
deer_12_64.jpg,1
deer_12_65.jpg,1
deer_12_66.jpg,1
deer_12_67.jpg,1
deer_12_68.jpg,1
deer_12_69.jpg,1
deer_12_7.jpg,1
deer_12_70.jpg,1
deer_12_71.jpg,1
deer_12_72.jpg,1
deer_12_73.jpg,1
deer_12_74.jpg,1
deer_12_75.jpg,1
deer_12_76.jpg,1
deer_12_77.jpg,1
deer_12_78.jpg,1
deer_12_79.jpg,1
deer_12_8.jpg,1
deer_12_9.jpg,1
deer_13_0.jpg,1
deer_13_1.jpg,1
deer_13_10.jpg,1
deer_13_11.jpg,1
deer_13_12.jpg,1
deer_13_13.jpg,1
deer_13_14.jpg,1
deer_13_15.jpg,1
deer_13_16.jpg,1
deer_13_17.jpg,1
deer_13_18.jpg,1
deer_13_19.jpg,1
deer_13_2.jpg,1
deer_13_20.jpg,1
deer_13_21.jpg,1
deer_13_22.jpg,1
deer_13_23.jpg,1
deer_13_24.jpg,1
deer_13_25.jpg,1
deer_13_26.jpg,1
deer_13_27.jpg,1
deer_13_28.jpg,1
deer_13_29.jpg,1
deer_13_3.jpg,1
deer_13_30.jpg,1
deer_13_31.jpg,1
deer_13_32.jpg,1
deer_13_33.jpg,1
deer_13_34.jpg,1
deer_13_35.jpg,1
deer_13_36.jpg,1
deer_13_37.jpg,1
deer_13_38.jpg,1
deer_13_39.jpg,1
deer_13_4.jpg,1
deer_13_40.jpg,1
deer_13_41.jpg,1
deer_13_42.jpg,1
deer_13_43.jpg,1
deer_13_44.jpg,1
deer_13_45.jpg,1
deer_13_46.jpg,1
deer_13_47.jpg,1
deer_13_48.jpg,1
deer_13_49.jpg,1
deer_13_5.jpg,1
deer_13_50.jpg,1
deer_13_51.jpg,1
deer_13_52.jpg,1
deer_13_53.jpg,1
deer_13_54.jpg,1
deer_13_55.jpg,1
deer_13_56.jpg,1
deer_13_57.jpg,1
deer_13_58.jpg,1
deer_13_59.jpg,1
deer_13_6.jpg,1
deer_13_60.jpg,1
deer_13_61.jpg,1
deer_13_62.jpg,1
deer_13_63.jpg,1
deer_13_64.jpg,1
deer_13_65.jpg,1
deer_13_66.jpg,1
deer_13_67.jpg,1
deer_13_68.jpg,1
deer_13_69.jpg,1
deer_13_7.jpg,1
deer_13_70.jpg,1
deer_13_71.jpg,1
deer_13_72.jpg,1
deer_13_73.jpg,1
deer_13_74.jpg,1
deer_13_75.jpg,1
deer_13_76.jpg,1
deer_13_77.jpg,1
deer_13_78.jpg,1
deer_13_79.jpg,1
deer_13_8.jpg,1
deer_13_9.jpg,1
deer_14_0.jpg,1
deer_14_1.jpg,1
deer_14_10.jpg,1
deer_14_11.jpg,1
deer_14_12.jpg,1
deer_14_13.jpg,1
deer_14_14.jpg,1
deer_14_15.jpg,1
deer_14_16.jpg,1
deer_14_17.jpg,1
deer_14_18.jpg,1
deer_14_19.jpg,1
deer_14_2.jpg,1
deer_14_20.jpg,1
deer_14_21.jpg,1
deer_14_22.jpg,1
deer_14_23.jpg,1
deer_14_24.jpg,1
deer_14_25.jpg,1
deer_14_26.jpg,1
deer_14_27.jpg,1
deer_14_28.jpg,1
deer_14_29.jpg,1
deer_14_3.jpg,1
deer_14_30.jpg,1
deer_14_31.jpg,1
deer_14_32.jpg,1
deer_14_33.jpg,1
deer_14_34.jpg,1
deer_14_35.jpg,1
deer_14_36.jpg,1
deer_14_37.jpg,1
deer_14_38.jpg,1
deer_14_39.jpg,1
deer_14_4.jpg,1
deer_14_40.jpg,1
deer_14_41.jpg,1
deer_14_42.jpg,1
deer_14_43.jpg,1
deer_14_44.jpg,1
deer_14_45.jpg,1
deer_14_46.jpg,1
deer_14_47.jpg,1
deer_14_48.jpg,1
deer_14_49.jpg,1
deer_14_5.jpg,1
deer_14_50.jpg,1
deer_14_51.jpg,1
deer_14_52.jpg,1
deer_14_53.jpg,1
deer_14_54.jpg,1
deer_14_55.jpg,1
deer_14_56.jpg,1
deer_14_57.jpg,1
deer_14_58.jpg,1
deer_14_59.jpg,1
deer_14_6.jpg,1
deer_14_60.jpg,1
deer_14_61.jpg,1
deer_14_62.jpg,1
deer_14_63.jpg,1
deer_14_64.jpg,1
deer_14_65.jpg,1
deer_14_66.jpg,1
deer_14_67.jpg,1
deer_14_68.jpg,1
deer_14_69.jpg,1
deer_14_7.jpg,1
deer_14_70.jpg,1
deer_14_71.jpg,1
deer_14_72.jpg,1
deer_14_73.jpg,1
deer_14_74.jpg,1
deer_14_75.jpg,1
deer_14_76.jpg,1
deer_14_77.jpg,1
deer_14_78.jpg,1
deer_14_79.jpg,1
deer_14_8.jpg,1
deer_14_9.jpg,1
deer_15_0.jpg,1
deer_15_1.jpg,1
deer_15_10.jpg,1
deer_15_11.jpg,1
deer_15_12.jpg,1
deer_15_13.jpg,1
deer_15_14.jpg,1
deer_15_15.jpg,1
deer_15_16.jpg,1
deer_15_17.jpg,1
deer_15_18.jpg,1
deer_15_19.jpg,1
deer_15_2.jpg,1
deer_15_20.jpg,1
deer_15_21.jpg,1
deer_15_22.jpg,1
deer_15_23.jpg,1
deer_15_24.jpg,1
deer_15_25.jpg,1
deer_15_26.jpg,1
deer_15_27.jpg,1
deer_15_28.jpg,1
deer_15_29.jpg,1
deer_15_3.jpg,1
deer_15_30.jpg,1
deer_15_31.jpg,1
deer_15_32.jpg,1
deer_15_33.jpg,1
deer_15_34.jpg,1
deer_15_35.jpg,1
deer_15_36.jpg,1
deer_15_37.jpg,1
deer_15_38.jpg,1
deer_15_39.jpg,1
deer_15_4.jpg,1
deer_15_40.jpg,1
deer_15_41.jpg,1
deer_15_42.jpg,1
deer_15_43.jpg,1
deer_15_44.jpg,1
deer_15_45.jpg,1
deer_15_46.jpg,1
deer_15_47.jpg,1
deer_15_48.jpg,1
deer_15_49.jpg,1
deer_15_5.jpg,1
deer_15_50.jpg,1
deer_15_51.jpg,1
deer_15_52.jpg,1
deer_15_53.jpg,1
deer_15_54.jpg,1
deer_15_55.jpg,1
deer_15_56.jpg,1
deer_15_57.jpg,1
deer_15_58.jpg,1
deer_15_59.jpg,1
deer_15_6.jpg,1
deer_15_60.jpg,1
deer_15_61.jpg,1
deer_15_62.jpg,1
deer_15_63.jpg,1
deer_15_64.jpg,1
deer_15_65.jpg,1
deer_15_66.jpg,1
deer_15_67.jpg,1
deer_15_68.jpg,1
deer_15_69.jpg,1
deer_15_7.jpg,1
deer_15_70.jpg,1
deer_15_71.jpg,1
deer_15_72.jpg,1
deer_15_73.jpg,1
deer_15_74.jpg,1
deer_15_75.jpg,1
deer_15_76.jpg,1
deer_15_77.jpg,1
deer_15_78.jpg,1
deer_15_79.jpg,1
deer_15_8.jpg,1
deer_15_9.jpg,1
deer_16_0.jpg,1
deer_16_1.jpg,1
deer_16_10.jpg,1
deer_16_11.jpg,1
deer_16_12.jpg,1
deer_16_13.jpg,1
deer_16_14.jpg,1
deer_16_15.jpg,1
deer_16_16.jpg,1
deer_16_17.jpg,1
deer_16_18.jpg,1
deer_16_19.jpg,1
deer_16_2.jpg,1
deer_16_20.jpg,1
deer_16_21.jpg,1
deer_16_22.jpg,1
deer_16_23.jpg,1
deer_16_24.jpg,1
deer_16_25.jpg,1
deer_16_26.jpg,1
deer_16_27.jpg,1
deer_16_28.jpg,1
deer_16_29.jpg,1
deer_16_3.jpg,1
deer_16_30.jpg,1
deer_16_31.jpg,1
deer_16_32.jpg,1
deer_16_33.jpg,1
deer_16_34.jpg,1
deer_16_35.jpg,1
deer_16_36.jpg,1
deer_16_37.jpg,1
deer_16_38.jpg,1
deer_16_39.jpg,1
deer_16_4.jpg,1
deer_16_40.jpg,1
deer_16_41.jpg,1
deer_16_42.jpg,1
deer_16_43.jpg,1
deer_16_44.jpg,1
deer_16_45.jpg,1
deer_16_46.jpg,1
deer_16_47.jpg,1
deer_16_48.jpg,1
deer_16_49.jpg,1
deer_16_5.jpg,1
deer_16_50.jpg,1
deer_16_51.jpg,1
deer_16_52.jpg,1
deer_16_53.jpg,1
deer_16_54.jpg,1
deer_16_55.jpg,1
deer_16_56.jpg,1
deer_16_57.jpg,1
deer_16_58.jpg,1
deer_16_59.jpg,1
deer_16_6.jpg,1
deer_16_60.jpg,1
deer_16_61.jpg,1
deer_16_62.jpg,1
deer_16_63.jpg,1
deer_16_64.jpg,1
deer_16_65.jpg,1
deer_16_66.jpg,1
deer_16_67.jpg,1
deer_16_68.jpg,1
deer_16_69.jpg,1
deer_16_7.jpg,1
deer_16_70.jpg,1
deer_16_71.jpg,1
deer_16_72.jpg,1
deer_16_73.jpg,1
deer_16_74.jpg,1
deer_16_75.jpg,1
deer_16_76.jpg,1
deer_16_77.jpg,1
deer_16_78.jpg,1
deer_16_79.jpg,1
deer_16_8.jpg,1
deer_16_9.jpg,1
deer_17_0.jpg,1
deer_17_1.jpg,1
deer_17_10.jpg,1
deer_17_11.jpg,1
deer_17_12.jpg,1
deer_17_13.jpg,1
deer_17_14.jpg,1
deer_17_15.jpg,1
deer_17_16.jpg,1
deer_17_17.jpg,1
deer_17_18.jpg,1
deer_17_19.jpg,1
deer_17_2.jpg,1
deer_17_20.jpg,1
deer_17_21.jpg,1
deer_17_22.jpg,1
deer_17_23.jpg,1
deer_17_24.jpg,1
deer_17_25.jpg,1
deer_17_26.jpg,1
deer_17_27.jpg,1
deer_17_28.jpg,1
deer_17_29.jpg,1
deer_17_3.jpg,1
deer_17_30.jpg,1
deer_17_31.jpg,1
deer_17_32.jpg,1
deer_17_33.jpg,1
deer_17_34.jpg,1
deer_17_35.jpg,1
deer_17_36.jpg,1
deer_17_37.jpg,1
deer_17_38.jpg,1
deer_17_39.jpg,1
deer_17_4.jpg,1
deer_17_40.jpg,1
deer_17_41.jpg,1
deer_17_42.jpg,1
deer_17_43.jpg,1
deer_17_44.jpg,1
deer_17_45.jpg,1
deer_17_46.jpg,1
deer_17_47.jpg,1
deer_17_48.jpg,1
deer_17_49.jpg,1
deer_17_5.jpg,1
deer_17_50.jpg,1
deer_17_51.jpg,1
deer_17_52.jpg,1
deer_17_53.jpg,1
deer_17_54.jpg,1
deer_17_55.jpg,1
deer_17_56.jpg,1
deer_17_57.jpg,1
deer_17_58.jpg,1
deer_17_59.jpg,1
deer_17_6.jpg,1
deer_17_60.jpg,1
deer_17_61.jpg,1
deer_17_62.jpg,1
deer_17_63.jpg,1
deer_17_64.jpg,1
deer_17_65.jpg,1
deer_17_66.jpg,1
deer_17_67.jpg,1
deer_17_68.jpg,1
deer_17_69.jpg,1
deer_17_7.jpg,1
deer_17_70.jpg,1
deer_17_71.jpg,1
deer_17_72.jpg,1
deer_17_73.jpg,1
deer_17_74.jpg,1
deer_17_75.jpg,1
deer_17_76.jpg,1
deer_17_77.jpg,1
deer_17_78.jpg,1
deer_17_79.jpg,1
deer_17_8.jpg,1
deer_17_9.jpg,1
deer_18_0.jpg,1
deer_18_1.jpg,1
deer_18_10.jpg,1
deer_18_11.jpg,1
deer_18_12.jpg,1
deer_18_13.jpg,1
deer_18_14.jpg,1
deer_18_15.jpg,1
deer_18_16.jpg,1
deer_18_17.jpg,1
deer_18_18.jpg,1
deer_18_19.jpg,1
deer_18_2.jpg,1
deer_18_20.jpg,1
deer_18_21.jpg,1
deer_18_22.jpg,1
deer_18_23.jpg,1
deer_18_24.jpg,1
deer_18_25.jpg,1
deer_18_26.jpg,1
deer_18_27.jpg,1
deer_18_28.jpg,1
deer_18_29.jpg,1
deer_18_3.jpg,1
deer_18_30.jpg,1
deer_18_31.jpg,1
deer_18_32.jpg,1
deer_18_33.jpg,1
deer_18_34.jpg,1
deer_18_35.jpg,1
deer_18_36.jpg,1
deer_18_37.jpg,1
deer_18_38.jpg,1
deer_18_39.jpg,1
deer_18_4.jpg,1
deer_18_40.jpg,1
deer_18_41.jpg,1
deer_18_42.jpg,1
deer_18_43.jpg,1
deer_18_44.jpg,1
deer_18_45.jpg,1
deer_18_46.jpg,1
deer_18_47.jpg,1
deer_18_48.jpg,1
deer_18_49.jpg,1
deer_18_5.jpg,1
deer_18_50.jpg,1
deer_18_51.jpg,1
deer_18_52.jpg,1
deer_18_53.jpg,1
deer_18_54.jpg,1
deer_18_55.jpg,1
deer_18_56.jpg,1
deer_18_57.jpg,1
deer_18_58.jpg,1
deer_18_59.jpg,1
deer_18_6.jpg,1
deer_18_60.jpg,1
deer_18_61.jpg,1
deer_18_62.jpg,1
deer_18_63.jpg,1
deer_18_64.jpg,1
deer_18_65.jpg,1
deer_18_66.jpg,1
deer_18_67.jpg,1
deer_18_68.jpg,1
deer_18_69.jpg,1
deer_18_7.jpg,1
deer_18_70.jpg,1
deer_18_71.jpg,1
deer_18_72.jpg,1
deer_18_73.jpg,1
deer_18_74.jpg,1
deer_18_75.jpg,1
deer_18_76.jpg,1
deer_18_77.jpg,1
deer_18_78.jpg,1
deer_18_79.jpg,1
deer_18_8.jpg,1
deer_18_9.jpg,1
deer_19_0.jpg,1
deer_19_1.jpg,1
deer_19_10.jpg,1
deer_19_11.jpg,1
deer_19_12.jpg,1
deer_19_13.jpg,1
deer_19_14.jpg,1
deer_19_15.jpg,1
deer_19_16.jpg,1
deer_19_17.jpg,1
deer_19_18.jpg,1
deer_19_19.jpg,1
deer_19_2.jpg,1
deer_19_20.jpg,1
deer_19_21.jpg,1
deer_19_22.jpg,1
deer_19_23.jpg,1
deer_19_24.jpg,1
deer_19_25.jpg,1
deer_19_26.jpg,1
deer_19_27.jpg,1
deer_19_28.jpg,1
deer_19_29.jpg,1
deer_19_3.jpg,1
deer_19_30.jpg,1
deer_19_31.jpg,1
deer_19_32.jpg,1
deer_19_33.jpg,1
deer_19_34.jpg,1
deer_19_35.jpg,1
deer_19_36.jpg,1
deer_19_37.jpg,1
deer_19_38.jpg,1
deer_19_39.jpg,1
deer_19_4.jpg,1
deer_19_40.jpg,1
deer_19_41.jpg,1
deer_19_42.jpg,1
deer_19_43.jpg,1
deer_19_44.jpg,1
deer_19_45.jpg,1
deer_19_46.jpg,1
deer_19_47.jpg,1
deer_19_48.jpg,1
deer_19_49.jpg,1
deer_19_5.jpg,1
deer_19_50.jpg,1
deer_19_51.jpg,1
deer_19_52.jpg,1
deer_19_53.jpg,1
deer_19_54.jpg,1
deer_19_55.jpg,1
deer_19_56.jpg,1
deer_19_57.jpg,1
deer_19_58.jpg,1
deer_19_59.jpg,1
deer_19_6.jpg,1
deer_19_60.jpg,1
deer_19_61.jpg,1
deer_19_62.jpg,1
deer_19_63.jpg,1
deer_19_64.jpg,1
deer_19_65.jpg,1
deer_19_66.jpg,1
deer_19_67.jpg,1
deer_19_68.jpg,1
deer_19_69.jpg,1
deer_19_7.jpg,1
deer_19_70.jpg,1
deer_19_71.jpg,1
deer_19_72.jpg,1
deer_19_73.jpg,1
deer_19_74.jpg,1
deer_19_75.jpg,1
deer_19_76.jpg,1
deer_19_77.jpg,1
deer_19_78.jpg,1
deer_19_79.jpg,1
deer_19_8.jpg,1
deer_19_9.jpg,1
deer_1_0.jpg,1
deer_1_1.jpg,1
deer_1_10.jpg,1
deer_1_11.jpg,1
deer_1_12.jpg,1
deer_1_13.jpg,1
deer_1_14.jpg,1
deer_1_15.jpg,1
deer_1_16.jpg,1
deer_1_17.jpg,1
deer_1_18.jpg,1
deer_1_19.jpg,1
deer_1_2.jpg,1
deer_1_20.jpg,1
deer_1_21.jpg,1
deer_1_22.jpg,1
deer_1_23.jpg,1
deer_1_24.jpg,1
deer_1_25.jpg,1
deer_1_26.jpg,1
deer_1_27.jpg,1
deer_1_28.jpg,1
deer_1_29.jpg,1
deer_1_3.jpg,1
deer_1_30.jpg,1
deer_1_31.jpg,1
deer_1_32.jpg,1
deer_1_33.jpg,1
deer_1_34.jpg,1
deer_1_35.jpg,1
deer_1_36.jpg,1
deer_1_37.jpg,1
deer_1_38.jpg,1
deer_1_39.jpg,1
deer_1_4.jpg,1
deer_1_40.jpg,1
deer_1_41.jpg,1
deer_1_42.jpg,1
deer_1_43.jpg,1
deer_1_44.jpg,1
deer_1_45.jpg,1
deer_1_46.jpg,1
deer_1_47.jpg,1
deer_1_48.jpg,1
deer_1_49.jpg,1
deer_1_5.jpg,1
deer_1_50.jpg,1
deer_1_51.jpg,1
deer_1_52.jpg,1
deer_1_53.jpg,1
deer_1_54.jpg,1
deer_1_55.jpg,1
deer_1_56.jpg,1
deer_1_57.jpg,1
deer_1_58.jpg,1
deer_1_59.jpg,1
deer_1_6.jpg,1
deer_1_60.jpg,1
deer_1_61.jpg,1
deer_1_62.jpg,1
deer_1_63.jpg,1
deer_1_64.jpg,1
deer_1_65.jpg,1
deer_1_66.jpg,1
deer_1_67.jpg,1
deer_1_68.jpg,1
deer_1_69.jpg,1
deer_1_7.jpg,1
deer_1_70.jpg,1
deer_1_71.jpg,1
deer_1_72.jpg,1
deer_1_73.jpg,1
deer_1_74.jpg,1
deer_1_75.jpg,1
deer_1_76.jpg,1
deer_1_77.jpg,1
deer_1_78.jpg,1
deer_1_79.jpg,1
deer_1_8.jpg,1
deer_1_9.jpg,1
deer_20_0.jpg,1
deer_20_1.jpg,1
deer_20_10.jpg,1
deer_20_11.jpg,1
deer_20_12.jpg,1
deer_20_13.jpg,1
deer_20_14.jpg,1
deer_20_15.jpg,1
deer_20_16.jpg,1
deer_20_17.jpg,1
deer_20_18.jpg,1
deer_20_19.jpg,1
deer_20_2.jpg,1
deer_20_20.jpg,1
deer_20_21.jpg,1
deer_20_22.jpg,1
deer_20_23.jpg,1
deer_20_24.jpg,1
deer_20_25.jpg,1
deer_20_26.jpg,1
deer_20_27.jpg,1
deer_20_28.jpg,1
deer_20_29.jpg,1
deer_20_3.jpg,1
deer_20_30.jpg,1
deer_20_31.jpg,1
deer_20_32.jpg,1
deer_20_33.jpg,1
deer_20_34.jpg,1
deer_20_35.jpg,1
deer_20_36.jpg,1
deer_20_37.jpg,1
deer_20_38.jpg,1
deer_20_39.jpg,1
deer_20_4.jpg,1
deer_20_40.jpg,1
deer_20_41.jpg,1
deer_20_42.jpg,1
deer_20_43.jpg,1
deer_20_44.jpg,1
deer_20_45.jpg,1
deer_20_46.jpg,1
deer_20_47.jpg,1
deer_20_48.jpg,1
deer_20_49.jpg,1
deer_20_5.jpg,1
deer_20_50.jpg,1
deer_20_51.jpg,1
deer_20_52.jpg,1
deer_20_53.jpg,1
deer_20_54.jpg,1
deer_20_55.jpg,1
deer_20_56.jpg,1
deer_20_57.jpg,1
deer_20_58.jpg,1
deer_20_59.jpg,1
deer_20_6.jpg,1
deer_20_60.jpg,1
deer_20_61.jpg,1
deer_20_62.jpg,1
deer_20_63.jpg,1
deer_20_64.jpg,1
deer_20_65.jpg,1
deer_20_66.jpg,1
deer_20_67.jpg,1
deer_20_68.jpg,1
deer_20_69.jpg,1
deer_20_7.jpg,1
deer_20_70.jpg,1
deer_20_71.jpg,1
deer_20_72.jpg,1
deer_20_73.jpg,1
deer_20_74.jpg,1
deer_20_75.jpg,1
deer_20_76.jpg,1
deer_20_77.jpg,1
deer_20_78.jpg,1
deer_20_79.jpg,1
deer_20_8.jpg,1
deer_20_9.jpg,1
deer_21_0.jpg,1
deer_21_1.jpg,1
deer_21_10.jpg,1
deer_21_11.jpg,1
deer_21_12.jpg,1
deer_21_13.jpg,1
deer_21_14.jpg,1
deer_21_15.jpg,1
deer_21_16.jpg,1
deer_21_17.jpg,1
deer_21_18.jpg,1
deer_21_19.jpg,1
deer_21_2.jpg,1
deer_21_20.jpg,1
deer_21_21.jpg,1
deer_21_22.jpg,1
deer_21_23.jpg,1
deer_21_24.jpg,1
deer_21_25.jpg,1
deer_21_26.jpg,1
deer_21_27.jpg,1
deer_21_28.jpg,1
deer_21_29.jpg,1
deer_21_3.jpg,1
deer_21_30.jpg,1
deer_21_31.jpg,1
deer_21_32.jpg,1
deer_21_33.jpg,1
deer_21_34.jpg,1
deer_21_35.jpg,1
deer_21_36.jpg,1
deer_21_37.jpg,1
deer_21_38.jpg,1
deer_21_39.jpg,1
deer_21_4.jpg,1
deer_21_40.jpg,1
deer_21_41.jpg,1
deer_21_42.jpg,1
deer_21_43.jpg,1
deer_21_44.jpg,1
deer_21_45.jpg,1
deer_21_46.jpg,1
deer_21_47.jpg,1
deer_21_48.jpg,1
deer_21_49.jpg,1
deer_21_5.jpg,1
deer_21_50.jpg,1
deer_21_51.jpg,1
deer_21_52.jpg,1
deer_21_53.jpg,1
deer_21_54.jpg,1
deer_21_55.jpg,1
deer_21_56.jpg,1
deer_21_57.jpg,1
deer_21_58.jpg,1
deer_21_59.jpg,1
deer_21_6.jpg,1
deer_21_60.jpg,1
deer_21_61.jpg,1
deer_21_62.jpg,1
deer_21_63.jpg,1
deer_21_64.jpg,1
deer_21_65.jpg,1
deer_21_66.jpg,1
deer_21_67.jpg,1
deer_21_68.jpg,1
deer_21_69.jpg,1
deer_21_7.jpg,1
deer_21_70.jpg,1
deer_21_71.jpg,1
deer_21_72.jpg,1
deer_21_73.jpg,1
deer_21_74.jpg,1
deer_21_75.jpg,1
deer_21_76.jpg,1
deer_21_77.jpg,1
deer_21_78.jpg,1
deer_21_79.jpg,1
deer_21_8.jpg,1
deer_21_9.jpg,1
deer_22_0.jpg,1
deer_22_1.jpg,1
deer_22_10.jpg,1
deer_22_11.jpg,1
deer_22_12.jpg,1
deer_22_13.jpg,1
deer_22_14.jpg,1
deer_22_15.jpg,1
deer_22_16.jpg,1
deer_22_17.jpg,1
deer_22_18.jpg,1
deer_22_19.jpg,1
deer_22_2.jpg,1
deer_22_20.jpg,1
deer_22_21.jpg,1
deer_22_22.jpg,1
deer_22_23.jpg,1
deer_22_24.jpg,1
deer_22_25.jpg,1
deer_22_26.jpg,1
deer_22_27.jpg,1
deer_22_28.jpg,1
deer_22_29.jpg,1
deer_22_3.jpg,1
deer_22_30.jpg,1
deer_22_31.jpg,1
deer_22_32.jpg,1
deer_22_33.jpg,1
deer_22_34.jpg,1
deer_22_35.jpg,1
deer_22_36.jpg,1
deer_22_37.jpg,1
deer_22_38.jpg,1
deer_22_39.jpg,1
deer_22_4.jpg,1
deer_22_40.jpg,1
deer_22_41.jpg,1
deer_22_42.jpg,1
deer_22_43.jpg,1
deer_22_44.jpg,1
deer_22_45.jpg,1
deer_22_46.jpg,1
deer_22_47.jpg,1
deer_22_48.jpg,1
deer_22_49.jpg,1
deer_22_5.jpg,1
deer_22_50.jpg,1
deer_22_51.jpg,1
deer_22_52.jpg,1
deer_22_53.jpg,1
deer_22_54.jpg,1
deer_22_55.jpg,1
deer_22_56.jpg,1
deer_22_57.jpg,1
deer_22_58.jpg,1
deer_22_59.jpg,1
deer_22_6.jpg,1
deer_22_60.jpg,1
deer_22_61.jpg,1
deer_22_62.jpg,1
deer_22_63.jpg,1
deer_22_64.jpg,1
deer_22_65.jpg,1
deer_22_66.jpg,1
deer_22_67.jpg,1
deer_22_68.jpg,1
deer_22_69.jpg,1
deer_22_7.jpg,1
deer_22_70.jpg,1
deer_22_71.jpg,1
deer_22_72.jpg,1
deer_22_73.jpg,1
deer_22_74.jpg,1
deer_22_75.jpg,1
deer_22_76.jpg,1
deer_22_77.jpg,1
deer_22_78.jpg,1
deer_22_79.jpg,1
deer_22_8.jpg,1
deer_22_9.jpg,1
deer_23_0.jpg,1
deer_23_1.jpg,1
deer_23_10.jpg,1
deer_23_11.jpg,1
deer_23_12.jpg,1
deer_23_13.jpg,1
deer_23_14.jpg,1
deer_23_15.jpg,1
deer_23_16.jpg,1
deer_23_17.jpg,1
deer_23_18.jpg,1
deer_23_19.jpg,1
deer_23_2.jpg,1
deer_23_20.jpg,1
deer_23_21.jpg,1
deer_23_22.jpg,1
deer_23_23.jpg,1
deer_23_24.jpg,1
deer_23_25.jpg,1
deer_23_26.jpg,1
deer_23_27.jpg,1
deer_23_28.jpg,1
deer_23_29.jpg,1
deer_23_3.jpg,1
deer_23_30.jpg,1
deer_23_31.jpg,1
deer_23_32.jpg,1
deer_23_33.jpg,1
deer_23_34.jpg,1
deer_23_35.jpg,1
deer_23_36.jpg,1
deer_23_37.jpg,1
deer_23_38.jpg,1
deer_23_39.jpg,1
deer_23_4.jpg,1
deer_23_40.jpg,1
deer_23_41.jpg,1
deer_23_42.jpg,1
deer_23_43.jpg,1
deer_23_44.jpg,1
deer_23_45.jpg,1
deer_23_46.jpg,1
deer_23_47.jpg,1
deer_23_48.jpg,1
deer_23_49.jpg,1
deer_23_5.jpg,1
deer_23_50.jpg,1
deer_23_51.jpg,1
deer_23_52.jpg,1
deer_23_53.jpg,1
deer_23_54.jpg,1
deer_23_55.jpg,1
deer_23_56.jpg,1
deer_23_57.jpg,1
deer_23_58.jpg,1
deer_23_59.jpg,1
deer_23_6.jpg,1
deer_23_60.jpg,1
deer_23_61.jpg,1
deer_23_62.jpg,1
deer_23_63.jpg,1
deer_23_64.jpg,1
deer_23_65.jpg,1
deer_23_66.jpg,1
deer_23_67.jpg,1
deer_23_68.jpg,1
deer_23_69.jpg,1
deer_23_7.jpg,1
deer_23_70.jpg,1
deer_23_71.jpg,1
deer_23_72.jpg,1
deer_23_73.jpg,1
deer_23_74.jpg,1
deer_23_75.jpg,1
deer_23_76.jpg,1
deer_23_77.jpg,1
deer_23_78.jpg,1
deer_23_79.jpg,1
deer_23_8.jpg,1
deer_23_9.jpg,1
deer_24_0.jpg,1
deer_24_1.jpg,1
deer_24_10.jpg,1
deer_24_11.jpg,1
deer_24_12.jpg,1
deer_24_13.jpg,1
deer_24_14.jpg,1
deer_24_15.jpg,1
deer_24_16.jpg,1
deer_24_17.jpg,1
deer_24_18.jpg,1
deer_24_19.jpg,1
deer_24_2.jpg,1
deer_24_20.jpg,1
deer_24_21.jpg,1
deer_24_22.jpg,1
deer_24_23.jpg,1
deer_24_24.jpg,1
deer_24_25.jpg,1
deer_24_26.jpg,1
deer_24_27.jpg,1
deer_24_28.jpg,1
deer_24_29.jpg,1
deer_24_3.jpg,1
deer_24_30.jpg,1
deer_24_31.jpg,1
deer_24_32.jpg,1
deer_24_33.jpg,1
deer_24_34.jpg,1
deer_24_35.jpg,1
deer_24_36.jpg,1
deer_24_37.jpg,1
deer_24_38.jpg,1
deer_24_39.jpg,1
deer_24_4.jpg,1
deer_24_40.jpg,1
deer_24_41.jpg,1
deer_24_42.jpg,1
deer_24_43.jpg,1
deer_24_44.jpg,1
deer_24_45.jpg,1
deer_24_46.jpg,1
deer_24_47.jpg,1
deer_24_48.jpg,1
deer_24_49.jpg,1
deer_24_5.jpg,1
deer_24_50.jpg,1
deer_24_51.jpg,1
deer_24_52.jpg,1
deer_24_53.jpg,1
deer_24_54.jpg,1
deer_24_55.jpg,1
deer_24_56.jpg,1
deer_24_57.jpg,1
deer_24_58.jpg,1
deer_24_59.jpg,1
deer_24_6.jpg,1
deer_24_60.jpg,1
deer_24_61.jpg,1
deer_24_62.jpg,1
deer_24_63.jpg,1
deer_24_64.jpg,1
deer_24_65.jpg,1
deer_24_66.jpg,1
deer_24_67.jpg,1
deer_24_68.jpg,1
deer_24_69.jpg,1
deer_24_7.jpg,1
deer_24_70.jpg,1
deer_24_71.jpg,1
deer_24_72.jpg,1
deer_24_73.jpg,1
deer_24_74.jpg,1
deer_24_75.jpg,1
deer_24_76.jpg,1
deer_24_77.jpg,1
deer_24_78.jpg,1
deer_24_79.jpg,1
deer_24_8.jpg,1
deer_24_9.jpg,1
deer_25_0.jpg,1
deer_25_1.jpg,1
deer_25_10.jpg,1
deer_25_11.jpg,1
deer_25_12.jpg,1
deer_25_13.jpg,1
deer_25_14.jpg,1
deer_25_15.jpg,1
deer_25_16.jpg,1
deer_25_17.jpg,1
deer_25_18.jpg,1
deer_25_19.jpg,1
deer_25_2.jpg,1
deer_25_20.jpg,1
deer_25_21.jpg,1
deer_25_22.jpg,1
deer_25_23.jpg,1
deer_25_24.jpg,1
deer_25_25.jpg,1
deer_25_26.jpg,1
deer_25_27.jpg,1
deer_25_28.jpg,1
deer_25_29.jpg,1
deer_25_3.jpg,1
deer_25_30.jpg,1
deer_25_31.jpg,1
deer_25_32.jpg,1
deer_25_33.jpg,1
deer_25_34.jpg,1
deer_25_35.jpg,1
deer_25_36.jpg,1
deer_25_37.jpg,1
deer_25_38.jpg,1
deer_25_39.jpg,1
deer_25_4.jpg,1
deer_25_40.jpg,1
deer_25_41.jpg,1
deer_25_42.jpg,1
deer_25_43.jpg,1
deer_25_44.jpg,1
deer_25_45.jpg,1
deer_25_46.jpg,1
deer_25_47.jpg,1
deer_25_48.jpg,1
deer_25_49.jpg,1
deer_25_5.jpg,1
deer_25_50.jpg,1
deer_25_51.jpg,1
deer_25_52.jpg,1
deer_25_53.jpg,1
deer_25_54.jpg,1
deer_25_55.jpg,1
deer_25_56.jpg,1
deer_25_57.jpg,1
deer_25_58.jpg,1
deer_25_59.jpg,1
deer_25_6.jpg,1
deer_25_60.jpg,1
deer_25_61.jpg,1
deer_25_62.jpg,1
deer_25_63.jpg,1
deer_25_64.jpg,1
deer_25_65.jpg,1
deer_25_66.jpg,1
deer_25_67.jpg,1
deer_25_68.jpg,1
deer_25_69.jpg,1
deer_25_7.jpg,1
deer_25_70.jpg,1
deer_25_71.jpg,1
deer_25_72.jpg,1
deer_25_73.jpg,1
deer_25_74.jpg,1
deer_25_75.jpg,1
deer_25_76.jpg,1
deer_25_77.jpg,1
deer_25_78.jpg,1
deer_25_79.jpg,1
deer_25_8.jpg,1
deer_25_9.jpg,1
deer_26_0.jpg,1
deer_26_1.jpg,1
deer_26_2.jpg,1
deer_26_3.jpg,1
deer_26_4.jpg,1
deer_26_5.jpg,1
deer_26_6.jpg,1
deer_2_0.jpg,1
deer_2_1.jpg,1
deer_2_10.jpg,1
deer_2_11.jpg,1
deer_2_12.jpg,1
deer_2_13.jpg,1
deer_2_14.jpg,1
deer_2_15.jpg,1
deer_2_16.jpg,1
deer_2_17.jpg,1
deer_2_18.jpg,1
deer_2_19.jpg,1
deer_2_2.jpg,1
deer_2_20.jpg,1
deer_2_21.jpg,1
deer_2_22.jpg,1
deer_2_23.jpg,1
deer_2_24.jpg,1
deer_2_25.jpg,1
deer_2_26.jpg,1
deer_2_27.jpg,1
deer_2_28.jpg,1
deer_2_29.jpg,1
deer_2_3.jpg,1
deer_2_30.jpg,1
deer_2_31.jpg,1
deer_2_32.jpg,1
deer_2_33.jpg,1
deer_2_34.jpg,1
deer_2_35.jpg,1
deer_2_36.jpg,1
deer_2_37.jpg,1
deer_2_38.jpg,1
deer_2_39.jpg,1
deer_2_4.jpg,1
deer_2_40.jpg,1
deer_2_41.jpg,1
deer_2_42.jpg,1
deer_2_43.jpg,1
deer_2_44.jpg,1
deer_2_45.jpg,1
deer_2_46.jpg,1
deer_2_47.jpg,1
deer_2_48.jpg,1
deer_2_49.jpg,1
deer_2_5.jpg,1
deer_2_50.jpg,1
deer_2_51.jpg,1
deer_2_52.jpg,1
deer_2_53.jpg,1
deer_2_54.jpg,1
deer_2_55.jpg,1
deer_2_56.jpg,1
deer_2_57.jpg,1
deer_2_58.jpg,1
deer_2_59.jpg,1
deer_2_6.jpg,1
deer_2_60.jpg,1
deer_2_61.jpg,1
deer_2_62.jpg,1
deer_2_63.jpg,1
deer_2_64.jpg,1
deer_2_65.jpg,1
deer_2_66.jpg,1
deer_2_67.jpg,1
deer_2_68.jpg,1
deer_2_69.jpg,1
deer_2_7.jpg,1
deer_2_70.jpg,1
deer_2_71.jpg,1
deer_2_72.jpg,1
deer_2_73.jpg,1
deer_2_74.jpg,1
deer_2_75.jpg,1
deer_2_76.jpg,1
deer_2_77.jpg,1
deer_2_78.jpg,1
deer_2_79.jpg,1
deer_2_8.jpg,1
deer_2_9.jpg,1
deer_3_0.jpg,1
deer_3_1.jpg,1
deer_3_10.jpg,1
deer_3_11.jpg,1
deer_3_12.jpg,1
deer_3_13.jpg,1
deer_3_14.jpg,1
deer_3_15.jpg,1
deer_3_16.jpg,1
deer_3_17.jpg,1
deer_3_18.jpg,1
deer_3_19.jpg,1
deer_3_2.jpg,1
deer_3_20.jpg,1
deer_3_21.jpg,1
deer_3_22.jpg,1
deer_3_23.jpg,1
deer_3_24.jpg,1
deer_3_25.jpg,1
deer_3_26.jpg,1
deer_3_27.jpg,1
deer_3_28.jpg,1
deer_3_29.jpg,1
deer_3_3.jpg,1
deer_3_30.jpg,1
deer_3_31.jpg,1
deer_3_32.jpg,1
deer_3_33.jpg,1
deer_3_34.jpg,1
deer_3_35.jpg,1
deer_3_36.jpg,1
deer_3_37.jpg,1
deer_3_38.jpg,1
deer_3_39.jpg,1
deer_3_4.jpg,1
deer_3_40.jpg,1
deer_3_41.jpg,1
deer_3_42.jpg,1
deer_3_43.jpg,1
deer_3_44.jpg,1
deer_3_45.jpg,1
deer_3_46.jpg,1
deer_3_47.jpg,1
deer_3_48.jpg,1
deer_3_49.jpg,1
deer_3_5.jpg,1
deer_3_50.jpg,1
deer_3_51.jpg,1
deer_3_52.jpg,1
deer_3_53.jpg,1
deer_3_54.jpg,1
deer_3_55.jpg,1
deer_3_56.jpg,1
deer_3_57.jpg,1
deer_3_58.jpg,1
deer_3_59.jpg,1
deer_3_6.jpg,1
deer_3_60.jpg,1
deer_3_61.jpg,1
deer_3_62.jpg,1
deer_3_63.jpg,1
deer_3_64.jpg,1
deer_3_65.jpg,1
deer_3_66.jpg,1
deer_3_67.jpg,1
deer_3_68.jpg,1
deer_3_69.jpg,1
deer_3_7.jpg,1
deer_3_70.jpg,1
deer_3_71.jpg,1
deer_3_72.jpg,1
deer_3_73.jpg,1
deer_3_74.jpg,1
deer_3_75.jpg,1
deer_3_76.jpg,1
deer_3_77.jpg,1
deer_3_78.jpg,1
deer_3_79.jpg,1
deer_3_8.jpg,1
deer_3_9.jpg,1
deer_4_0.jpg,1
deer_4_1.jpg,1
deer_4_10.jpg,1
deer_4_11.jpg,1
deer_4_12.jpg,1
deer_4_13.jpg,1
deer_4_14.jpg,1
deer_4_15.jpg,1
deer_4_16.jpg,1
deer_4_17.jpg,1
deer_4_18.jpg,1
deer_4_19.jpg,1
deer_4_2.jpg,1
deer_4_20.jpg,1
deer_4_21.jpg,1
deer_4_22.jpg,1
deer_4_23.jpg,1
deer_4_24.jpg,1
deer_4_25.jpg,1
deer_4_26.jpg,1
deer_4_27.jpg,1
deer_4_28.jpg,1
deer_4_29.jpg,1
deer_4_3.jpg,1
deer_4_30.jpg,1
deer_4_31.jpg,1
deer_4_32.jpg,1
deer_4_33.jpg,1
deer_4_34.jpg,1
deer_4_35.jpg,1
deer_4_36.jpg,1
deer_4_37.jpg,1
deer_4_38.jpg,1
deer_4_39.jpg,1
deer_4_4.jpg,1
deer_4_40.jpg,1
deer_4_41.jpg,1
deer_4_42.jpg,1
deer_4_43.jpg,1
deer_4_44.jpg,1
deer_4_45.jpg,1
deer_4_46.jpg,1
deer_4_47.jpg,1
deer_4_48.jpg,1
deer_4_49.jpg,1
deer_4_5.jpg,1
deer_4_50.jpg,1
deer_4_51.jpg,1
deer_4_52.jpg,1
deer_4_53.jpg,1
deer_4_54.jpg,1
deer_4_55.jpg,1
deer_4_56.jpg,1
deer_4_57.jpg,1
deer_4_58.jpg,1
deer_4_59.jpg,1
deer_4_6.jpg,1
deer_4_60.jpg,1
deer_4_61.jpg,1
deer_4_62.jpg,1
deer_4_63.jpg,1
deer_4_64.jpg,1
deer_4_65.jpg,1
deer_4_66.jpg,1
deer_4_67.jpg,1
deer_4_68.jpg,1
deer_4_69.jpg,1
deer_4_7.jpg,1
deer_4_70.jpg,1
deer_4_71.jpg,1
deer_4_72.jpg,1
deer_4_73.jpg,1
deer_4_74.jpg,1
deer_4_75.jpg,1
deer_4_76.jpg,1
deer_4_77.jpg,1
deer_4_78.jpg,1
deer_4_79.jpg,1
deer_4_8.jpg,1
deer_4_9.jpg,1
deer_5_0.jpg,1
deer_5_1.jpg,1
deer_5_10.jpg,1
deer_5_11.jpg,1
deer_5_12.jpg,1
deer_5_13.jpg,1
deer_5_14.jpg,1
deer_5_15.jpg,1
deer_5_16.jpg,1
deer_5_17.jpg,1
deer_5_18.jpg,1
deer_5_19.jpg,1
deer_5_2.jpg,1
deer_5_20.jpg,1
deer_5_21.jpg,1
deer_5_22.jpg,1
deer_5_23.jpg,1
deer_5_24.jpg,1
deer_5_25.jpg,1
deer_5_26.jpg,1
deer_5_27.jpg,1
deer_5_28.jpg,1
deer_5_29.jpg,1
deer_5_3.jpg,1
deer_5_30.jpg,1
deer_5_31.jpg,1
deer_5_32.jpg,1
deer_5_33.jpg,1
deer_5_34.jpg,1
deer_5_35.jpg,1
deer_5_36.jpg,1
deer_5_37.jpg,1
deer_5_38.jpg,1
deer_5_39.jpg,1
deer_5_4.jpg,1
deer_5_40.jpg,1
deer_5_41.jpg,1
deer_5_42.jpg,1
deer_5_43.jpg,1
deer_5_44.jpg,1
deer_5_45.jpg,1
deer_5_46.jpg,1
deer_5_47.jpg,1
deer_5_48.jpg,1
deer_5_49.jpg,1
deer_5_5.jpg,1
deer_5_50.jpg,1
deer_5_51.jpg,1
deer_5_52.jpg,1
deer_5_53.jpg,1
deer_5_54.jpg,1
deer_5_55.jpg,1
deer_5_56.jpg,1
deer_5_57.jpg,1
deer_5_58.jpg,1
deer_5_59.jpg,1
deer_5_6.jpg,1
deer_5_60.jpg,1
deer_5_61.jpg,1
deer_5_62.jpg,1
deer_5_63.jpg,1
deer_5_64.jpg,1
deer_5_65.jpg,1
deer_5_66.jpg,1
deer_5_67.jpg,1
deer_5_68.jpg,1
deer_5_69.jpg,1
deer_5_7.jpg,1
deer_5_70.jpg,1
deer_5_71.jpg,1
deer_5_72.jpg,1
deer_5_73.jpg,1
deer_5_74.jpg,1
deer_5_75.jpg,1
deer_5_76.jpg,1
deer_5_77.jpg,1
deer_5_78.jpg,1
deer_5_79.jpg,1
deer_5_8.jpg,1
deer_5_9.jpg,1
deer_6_0.jpg,1
deer_6_1.jpg,1
deer_6_10.jpg,1
deer_6_11.jpg,1
deer_6_12.jpg,1
deer_6_13.jpg,1
deer_6_14.jpg,1
deer_6_15.jpg,1
deer_6_16.jpg,1
deer_6_17.jpg,1
deer_6_18.jpg,1
deer_6_19.jpg,1
deer_6_2.jpg,1
deer_6_20.jpg,1
deer_6_21.jpg,1
deer_6_22.jpg,1
deer_6_23.jpg,1
deer_6_24.jpg,1
deer_6_25.jpg,1
deer_6_26.jpg,1
deer_6_27.jpg,1
deer_6_28.jpg,1
deer_6_29.jpg,1
deer_6_3.jpg,1
deer_6_30.jpg,1
deer_6_31.jpg,1
deer_6_32.jpg,1
deer_6_33.jpg,1
deer_6_34.jpg,1
deer_6_35.jpg,1
deer_6_36.jpg,1
deer_6_37.jpg,1
deer_6_38.jpg,1
deer_6_39.jpg,1
deer_6_4.jpg,1
deer_6_40.jpg,1
deer_6_41.jpg,1
deer_6_42.jpg,1
deer_6_43.jpg,1
deer_6_44.jpg,1
deer_6_45.jpg,1
deer_6_46.jpg,1
deer_6_47.jpg,1
deer_6_48.jpg,1
deer_6_49.jpg,1
deer_6_5.jpg,1
deer_6_50.jpg,1
deer_6_51.jpg,1
deer_6_52.jpg,1
deer_6_53.jpg,1
deer_6_54.jpg,1
deer_6_55.jpg,1
deer_6_56.jpg,1
deer_6_57.jpg,1
deer_6_58.jpg,1
deer_6_59.jpg,1
deer_6_6.jpg,1
deer_6_60.jpg,1
deer_6_61.jpg,1
deer_6_62.jpg,1
deer_6_63.jpg,1
deer_6_64.jpg,1
deer_6_65.jpg,1
deer_6_66.jpg,1
deer_6_67.jpg,1
deer_6_68.jpg,1
deer_6_69.jpg,1
deer_6_7.jpg,1
deer_6_70.jpg,1
deer_6_71.jpg,1
deer_6_72.jpg,1
deer_6_73.jpg,1
deer_6_74.jpg,1
deer_6_75.jpg,1
deer_6_76.jpg,1
deer_6_77.jpg,1
deer_6_78.jpg,1
deer_6_79.jpg,1
deer_6_8.jpg,1
deer_6_9.jpg,1
deer_7_0.jpg,1
deer_7_1.jpg,1
deer_7_10.jpg,1
deer_7_11.jpg,1
deer_7_12.jpg,1
deer_7_13.jpg,1
deer_7_14.jpg,1
deer_7_15.jpg,1
deer_7_16.jpg,1
deer_7_17.jpg,1
deer_7_18.jpg,1
deer_7_19.jpg,1
deer_7_2.jpg,1
deer_7_20.jpg,1
deer_7_21.jpg,1
deer_7_22.jpg,1
deer_7_23.jpg,1
deer_7_24.jpg,1
deer_7_25.jpg,1
deer_7_26.jpg,1
deer_7_27.jpg,1
deer_7_28.jpg,1
deer_7_29.jpg,1
deer_7_3.jpg,1
deer_7_30.jpg,1
deer_7_31.jpg,1
deer_7_32.jpg,1
deer_7_33.jpg,1
deer_7_34.jpg,1
deer_7_35.jpg,1
deer_7_36.jpg,1
deer_7_37.jpg,1
deer_7_38.jpg,1
deer_7_39.jpg,1
deer_7_4.jpg,1
deer_7_40.jpg,1
deer_7_41.jpg,1
deer_7_42.jpg,1
deer_7_43.jpg,1
deer_7_44.jpg,1
deer_7_45.jpg,1
deer_7_46.jpg,1
deer_7_47.jpg,1
deer_7_48.jpg,1
deer_7_49.jpg,1
deer_7_5.jpg,1
deer_7_50.jpg,1
deer_7_51.jpg,1
deer_7_52.jpg,1
deer_7_53.jpg,1
deer_7_54.jpg,1
deer_7_55.jpg,1
deer_7_56.jpg,1
deer_7_57.jpg,1
deer_7_58.jpg,1
deer_7_59.jpg,1
deer_7_6.jpg,1
deer_7_60.jpg,1
deer_7_61.jpg,1
deer_7_62.jpg,1
deer_7_63.jpg,1
deer_7_64.jpg,1
deer_7_65.jpg,1
deer_7_66.jpg,1
deer_7_67.jpg,1
deer_7_68.jpg,1
deer_7_69.jpg,1
deer_7_7.jpg,1
deer_7_70.jpg,1
deer_7_71.jpg,1
deer_7_72.jpg,1
deer_7_73.jpg,1
deer_7_74.jpg,1
deer_7_75.jpg,1
deer_7_76.jpg,1
deer_7_77.jpg,1
deer_7_78.jpg,1
deer_7_79.jpg,1
deer_7_8.jpg,1
deer_7_9.jpg,1
deer_8_0.jpg,1
deer_8_1.jpg,1
deer_8_10.jpg,1
deer_8_11.jpg,1
deer_8_12.jpg,1
deer_8_13.jpg,1
deer_8_14.jpg,1
deer_8_15.jpg,1
deer_8_16.jpg,1
deer_8_17.jpg,1
deer_8_18.jpg,1
deer_8_19.jpg,1
deer_8_2.jpg,1
deer_8_20.jpg,1
deer_8_21.jpg,1
deer_8_22.jpg,1
deer_8_23.jpg,1
deer_8_24.jpg,1
deer_8_25.jpg,1
deer_8_26.jpg,1
deer_8_27.jpg,1
deer_8_28.jpg,1
deer_8_29.jpg,1
deer_8_3.jpg,1
deer_8_30.jpg,1
deer_8_31.jpg,1
deer_8_32.jpg,1
deer_8_33.jpg,1
deer_8_34.jpg,1
deer_8_35.jpg,1
deer_8_36.jpg,1
deer_8_37.jpg,1
deer_8_38.jpg,1
deer_8_39.jpg,1
deer_8_4.jpg,1
deer_8_40.jpg,1
deer_8_41.jpg,1
deer_8_42.jpg,1
deer_8_43.jpg,1
deer_8_44.jpg,1
deer_8_45.jpg,1
deer_8_46.jpg,1
deer_8_47.jpg,1
deer_8_48.jpg,1
deer_8_49.jpg,1
deer_8_5.jpg,1
deer_8_50.jpg,1
deer_8_51.jpg,1
deer_8_52.jpg,1
deer_8_53.jpg,1
deer_8_54.jpg,1
deer_8_55.jpg,1
deer_8_56.jpg,1
deer_8_57.jpg,1
deer_8_58.jpg,1
deer_8_59.jpg,1
deer_8_6.jpg,1
deer_8_60.jpg,1
deer_8_61.jpg,1
deer_8_62.jpg,1
deer_8_63.jpg,1
deer_8_64.jpg,1
deer_8_65.jpg,1
deer_8_66.jpg,1
deer_8_67.jpg,1
deer_8_68.jpg,1
deer_8_69.jpg,1
deer_8_7.jpg,1
deer_8_70.jpg,1
deer_8_71.jpg,1
deer_8_72.jpg,1
deer_8_73.jpg,1
deer_8_74.jpg,1
deer_8_75.jpg,1
deer_8_76.jpg,1
deer_8_77.jpg,1
deer_8_78.jpg,1
deer_8_79.jpg,1
deer_8_8.jpg,1
deer_8_9.jpg,1
deer_9_0.jpg,1
deer_9_1.jpg,1
deer_9_10.jpg,1
deer_9_11.jpg,1
deer_9_12.jpg,1
deer_9_13.jpg,1
deer_9_14.jpg,1
deer_9_15.jpg,1
deer_9_16.jpg,1
deer_9_17.jpg,1
deer_9_18.jpg,1
deer_9_19.jpg,1
deer_9_2.jpg,1
deer_9_20.jpg,1
deer_9_21.jpg,1
deer_9_22.jpg,1
deer_9_23.jpg,1
deer_9_24.jpg,1
deer_9_25.jpg,1
deer_9_26.jpg,1
deer_9_27.jpg,1
deer_9_28.jpg,1
deer_9_29.jpg,1
deer_9_3.jpg,1
deer_9_30.jpg,1
deer_9_31.jpg,1
deer_9_32.jpg,1
deer_9_33.jpg,1
deer_9_34.jpg,1
deer_9_35.jpg,1
deer_9_36.jpg,1
deer_9_37.jpg,1
deer_9_38.jpg,1
deer_9_39.jpg,1
deer_9_4.jpg,1
deer_9_40.jpg,1
deer_9_41.jpg,1
deer_9_42.jpg,1
deer_9_43.jpg,1
deer_9_44.jpg,1
deer_9_45.jpg,1
deer_9_46.jpg,1
deer_9_47.jpg,1
deer_9_48.jpg,1
deer_9_49.jpg,1
deer_9_5.jpg,1
deer_9_50.jpg,1
deer_9_51.jpg,1
deer_9_52.jpg,1
deer_9_53.jpg,1
deer_9_54.jpg,1
deer_9_55.jpg,1
deer_9_56.jpg,1
deer_9_57.jpg,1
deer_9_58.jpg,1
deer_9_59.jpg,1
deer_9_6.jpg,1
deer_9_60.jpg,1
deer_9_61.jpg,1
deer_9_62.jpg,1
deer_9_63.jpg,1
deer_9_64.jpg,1
deer_9_65.jpg,1
deer_9_66.jpg,1
deer_9_67.jpg,1
deer_9_68.jpg,1
deer_9_69.jpg,1
deer_9_7.jpg,1
deer_9_70.jpg,1
deer_9_71.jpg,1
deer_9_72.jpg,1
deer_9_73.jpg,1
deer_9_74.jpg,1
deer_9_75.jpg,1
deer_9_76.jpg,1
deer_9_77.jpg,1
deer_9_78.jpg,1
deer_9_79.jpg,1
deer_9_8.jpg,1
deer_9_9.jpg,1
cars_0_0.jpg,0
cars_0_1.jpg,0
cars_0_10.jpg,0
cars_0_11.jpg,0
cars_0_12.jpg,0
cars_0_13.jpg,0
cars_0_14.jpg,0
cars_0_15.jpg,0
cars_0_16.jpg,0
cars_0_17.jpg,0
cars_0_18.jpg,0
cars_0_19.jpg,0
cars_0_2.jpg,0
cars_0_20.jpg,0
cars_0_21.jpg,0
cars_0_22.jpg,0
cars_0_23.jpg,0
cars_0_24.jpg,0
cars_0_25.jpg,0
cars_0_26.jpg,0
cars_0_27.jpg,0
cars_0_28.jpg,0
cars_0_29.jpg,0
cars_0_3.jpg,0
cars_0_30.jpg,0
cars_0_31.jpg,0
cars_0_32.jpg,0
cars_0_33.jpg,0
cars_0_34.jpg,0
cars_0_35.jpg,0
cars_0_36.jpg,0
cars_0_37.jpg,0
cars_0_38.jpg,0
cars_0_39.jpg,0
cars_0_4.jpg,0
cars_0_40.jpg,0
cars_0_41.jpg,0
cars_0_42.jpg,0
cars_0_43.jpg,0
cars_0_44.jpg,0
cars_0_45.jpg,0
cars_0_46.jpg,0
cars_0_47.jpg,0
cars_0_48.jpg,0
cars_0_49.jpg,0
cars_0_5.jpg,0
cars_0_50.jpg,0
cars_0_51.jpg,0
cars_0_52.jpg,0
cars_0_53.jpg,0
cars_0_54.jpg,0
cars_0_55.jpg,0
cars_0_56.jpg,0
cars_0_57.jpg,0
cars_0_58.jpg,0
cars_0_59.jpg,0
cars_0_6.jpg,0
cars_0_60.jpg,0
cars_0_61.jpg,0
cars_0_62.jpg,0
cars_0_63.jpg,0
cars_0_64.jpg,0
cars_0_65.jpg,0
cars_0_66.jpg,0
cars_0_67.jpg,0
cars_0_68.jpg,0
cars_0_69.jpg,0
cars_0_7.jpg,0
cars_0_70.jpg,0
cars_0_71.jpg,0
cars_0_72.jpg,0
cars_0_73.jpg,0
cars_0_74.jpg,0
cars_0_75.jpg,0
cars_0_76.jpg,0
cars_0_77.jpg,0
cars_0_78.jpg,0
cars_0_79.jpg,0
cars_0_8.jpg,0
cars_0_9.jpg,0
cars_1_0.jpg,0
cars_1_1.jpg,0
cars_1_10.jpg,0
cars_1_11.jpg,0
cars_1_12.jpg,0
cars_1_13.jpg,0
cars_1_14.jpg,0
cars_1_15.jpg,0
cars_1_16.jpg,0
cars_1_17.jpg,0
cars_1_18.jpg,0
cars_1_19.jpg,0
cars_1_2.jpg,0
cars_1_20.jpg,0
cars_1_21.jpg,0
cars_1_22.jpg,0
cars_1_23.jpg,0
cars_1_24.jpg,0
cars_1_25.jpg,0
cars_1_26.jpg,0
cars_1_27.jpg,0
cars_1_28.jpg,0
cars_1_29.jpg,0
cars_1_3.jpg,0
cars_1_30.jpg,0
cars_1_31.jpg,0
cars_1_32.jpg,0
cars_1_33.jpg,0
cars_1_34.jpg,0
cars_1_35.jpg,0
cars_1_36.jpg,0
cars_1_37.jpg,0
cars_1_38.jpg,0
cars_1_39.jpg,0
cars_1_4.jpg,0
cars_1_40.jpg,0
cars_1_41.jpg,0
cars_1_42.jpg,0
cars_1_43.jpg,0
cars_1_44.jpg,0
cars_1_45.jpg,0
cars_1_46.jpg,0
cars_1_47.jpg,0
cars_1_48.jpg,0
cars_1_49.jpg,0
cars_1_5.jpg,0
cars_1_50.jpg,0
cars_1_51.jpg,0
cars_1_52.jpg,0
cars_1_53.jpg,0
cars_1_54.jpg,0
cars_1_55.jpg,0
cars_1_56.jpg,0
cars_1_57.jpg,0
cars_1_58.jpg,0
cars_1_59.jpg,0
cars_1_6.jpg,0
cars_1_60.jpg,0
cars_1_61.jpg,0
cars_1_62.jpg,0
cars_1_63.jpg,0
cars_1_64.jpg,0
cars_1_65.jpg,0
cars_1_66.jpg,0
cars_1_67.jpg,0
cars_1_68.jpg,0
cars_1_69.jpg,0
cars_1_7.jpg,0
cars_1_70.jpg,0
cars_1_71.jpg,0
cars_1_72.jpg,0
cars_1_73.jpg,0
cars_1_74.jpg,0
cars_1_75.jpg,0
cars_1_76.jpg,0
cars_1_77.jpg,0
cars_1_78.jpg,0
cars_1_79.jpg,0
cars_1_8.jpg,0
cars_1_9.jpg,0
cars_2_0.jpg,0
cars_2_1.jpg,0
cars_2_10.jpg,0
cars_2_11.jpg,0
cars_2_12.jpg,0
cars_2_13.jpg,0
cars_2_14.jpg,0
cars_2_15.jpg,0
cars_2_16.jpg,0
cars_2_17.jpg,0
cars_2_18.jpg,0
cars_2_19.jpg,0
cars_2_2.jpg,0
cars_2_20.jpg,0
cars_2_21.jpg,0
cars_2_22.jpg,0
cars_2_23.jpg,0
cars_2_24.jpg,0
cars_2_25.jpg,0
cars_2_26.jpg,0
cars_2_27.jpg,0
cars_2_28.jpg,0
cars_2_29.jpg,0
cars_2_3.jpg,0
cars_2_30.jpg,0
cars_2_31.jpg,0
cars_2_32.jpg,0
cars_2_33.jpg,0
cars_2_34.jpg,0
cars_2_35.jpg,0
cars_2_36.jpg,0
cars_2_37.jpg,0
cars_2_38.jpg,0
cars_2_39.jpg,0
cars_2_4.jpg,0
cars_2_40.jpg,0
cars_2_41.jpg,0
cars_2_42.jpg,0
cars_2_43.jpg,0
cars_2_44.jpg,0
cars_2_45.jpg,0
cars_2_46.jpg,0
cars_2_47.jpg,0
cars_2_48.jpg,0
cars_2_49.jpg,0
cars_2_5.jpg,0
cars_2_50.jpg,0
cars_2_51.jpg,0
cars_2_52.jpg,0
cars_2_53.jpg,0
cars_2_54.jpg,0
cars_2_55.jpg,0
cars_2_56.jpg,0
cars_2_57.jpg,0
cars_2_58.jpg,0
cars_2_59.jpg,0
cars_2_6.jpg,0
cars_2_60.jpg,0
cars_2_61.jpg,0
cars_2_62.jpg,0
cars_2_63.jpg,0
cars_2_64.jpg,0
cars_2_65.jpg,0
cars_2_66.jpg,0
cars_2_67.jpg,0
cars_2_68.jpg,0
cars_2_69.jpg,0
cars_2_7.jpg,0
cars_2_70.jpg,0
cars_2_71.jpg,0
cars_2_72.jpg,0
cars_2_73.jpg,0
cars_2_74.jpg,0
cars_2_75.jpg,0
cars_2_76.jpg,0
cars_2_77.jpg,0
cars_2_78.jpg,0
cars_2_79.jpg,0
cars_2_8.jpg,0
cars_2_9.jpg,0
cars_3_0.jpg,0
cars_3_1.jpg,0
cars_3_10.jpg,0
cars_3_11.jpg,0
cars_3_12.jpg,0
cars_3_13.jpg,0
cars_3_14.jpg,0
cars_3_15.jpg,0
cars_3_16.jpg,0
cars_3_17.jpg,0
cars_3_18.jpg,0
cars_3_19.jpg,0
cars_3_2.jpg,0
cars_3_20.jpg,0
cars_3_21.jpg,0
cars_3_22.jpg,0
cars_3_23.jpg,0
cars_3_24.jpg,0
cars_3_25.jpg,0
cars_3_26.jpg,0
cars_3_27.jpg,0
cars_3_28.jpg,0
cars_3_29.jpg,0
cars_3_3.jpg,0
cars_3_30.jpg,0
cars_3_31.jpg,0
cars_3_32.jpg,0
cars_3_33.jpg,0
cars_3_34.jpg,0
cars_3_35.jpg,0
cars_3_36.jpg,0
cars_3_37.jpg,0
cars_3_38.jpg,0
cars_3_39.jpg,0
cars_3_4.jpg,0
cars_3_40.jpg,0
cars_3_41.jpg,0
cars_3_42.jpg,0
cars_3_43.jpg,0
cars_3_44.jpg,0
cars_3_45.jpg,0
cars_3_46.jpg,0
cars_3_47.jpg,0
cars_3_48.jpg,0
cars_3_49.jpg,0
cars_3_5.jpg,0
cars_3_50.jpg,0
cars_3_51.jpg,0
cars_3_52.jpg,0
cars_3_53.jpg,0
cars_3_54.jpg,0
cars_3_55.jpg,0
cars_3_56.jpg,0
cars_3_57.jpg,0
cars_3_58.jpg,0
cars_3_59.jpg,0
cars_3_6.jpg,0
cars_3_60.jpg,0
cars_3_61.jpg,0
cars_3_62.jpg,0
cars_3_63.jpg,0
cars_3_64.jpg,0
cars_3_65.jpg,0
cars_3_66.jpg,0
cars_3_67.jpg,0
cars_3_68.jpg,0
cars_3_69.jpg,0
cars_3_7.jpg,0
cars_3_70.jpg,0
cars_3_71.jpg,0
cars_3_72.jpg,0
cars_3_73.jpg,0
cars_3_74.jpg,0
cars_3_75.jpg,0
cars_3_76.jpg,0
cars_3_77.jpg,0
cars_3_78.jpg,0
cars_3_79.jpg,0
cars_3_8.jpg,0
cars_3_9.jpg,0
cars_4_0.jpg,0
cars_4_1.jpg,0
cars_4_10.jpg,0
cars_4_11.jpg,0
cars_4_12.jpg,0
cars_4_13.jpg,0
cars_4_14.jpg,0
cars_4_15.jpg,0
cars_4_16.jpg,0
cars_4_17.jpg,0
cars_4_18.jpg,0
cars_4_19.jpg,0
cars_4_2.jpg,0
cars_4_20.jpg,0
cars_4_21.jpg,0
cars_4_22.jpg,0
cars_4_23.jpg,0
cars_4_24.jpg,0
cars_4_25.jpg,0
cars_4_26.jpg,0
cars_4_27.jpg,0
cars_4_28.jpg,0
cars_4_29.jpg,0
cars_4_3.jpg,0
cars_4_30.jpg,0
cars_4_31.jpg,0
cars_4_32.jpg,0
cars_4_33.jpg,0
cars_4_34.jpg,0
cars_4_35.jpg,0
cars_4_36.jpg,0
cars_4_37.jpg,0
cars_4_38.jpg,0
cars_4_39.jpg,0
cars_4_4.jpg,0
cars_4_40.jpg,0
cars_4_41.jpg,0
cars_4_42.jpg,0
cars_4_43.jpg,0
cars_4_44.jpg,0
cars_4_45.jpg,0
cars_4_46.jpg,0
cars_4_47.jpg,0
cars_4_48.jpg,0
cars_4_49.jpg,0
cars_4_5.jpg,0
cars_4_50.jpg,0
cars_4_51.jpg,0
cars_4_52.jpg,0
cars_4_53.jpg,0
cars_4_54.jpg,0
cars_4_55.jpg,0
cars_4_56.jpg,0
cars_4_57.jpg,0
cars_4_58.jpg,0
cars_4_59.jpg,0
cars_4_6.jpg,0
cars_4_60.jpg,0
cars_4_61.jpg,0
cars_4_62.jpg,0
cars_4_63.jpg,0
cars_4_64.jpg,0
cars_4_65.jpg,0
cars_4_66.jpg,0
cars_4_67.jpg,0
cars_4_68.jpg,0
cars_4_69.jpg,0
cars_4_7.jpg,0
cars_4_70.jpg,0
cars_4_71.jpg,0
cars_4_72.jpg,0
cars_4_73.jpg,0
cars_4_74.jpg,0
cars_4_75.jpg,0
cars_4_76.jpg,0
cars_4_77.jpg,0
cars_4_78.jpg,0
cars_4_79.jpg,0
cars_4_8.jpg,0
cars_4_9.jpg,0
city_road_0_0.jpg,0
city_road_0_1.jpg,0
city_road_0_10.jpg,0
city_road_0_11.jpg,0
city_road_0_12.jpg,0
city_road_0_13.jpg,0
city_road_0_14.jpg,0
city_road_0_15.jpg,0
city_road_0_16.jpg,0
city_road_0_17.jpg,0
city_road_0_18.jpg,0
city_road_0_19.jpg,0
city_road_0_2.jpg,0
city_road_0_20.jpg,0
city_road_0_21.jpg,0
city_road_0_22.jpg,0
city_road_0_23.jpg,0
city_road_0_24.jpg,0
city_road_0_25.jpg,0
city_road_0_26.jpg,0
city_road_0_27.jpg,0
city_road_0_28.jpg,0
city_road_0_29.jpg,0
city_road_0_3.jpg,0
city_road_0_30.jpg,0
city_road_0_31.jpg,0
city_road_0_32.jpg,0
city_road_0_33.jpg,0
city_road_0_34.jpg,0
city_road_0_35.jpg,0
city_road_0_36.jpg,0
city_road_0_37.jpg,0
city_road_0_38.jpg,0
city_road_0_39.jpg,0
city_road_0_4.jpg,0
city_road_0_40.jpg,0
city_road_0_41.jpg,0
city_road_0_42.jpg,0
city_road_0_43.jpg,0
city_road_0_44.jpg,0
city_road_0_45.jpg,0
city_road_0_46.jpg,0
city_road_0_47.jpg,0
city_road_0_48.jpg,0
city_road_0_49.jpg,0
city_road_0_5.jpg,0
city_road_0_50.jpg,0
city_road_0_51.jpg,0
city_road_0_52.jpg,0
city_road_0_53.jpg,0
city_road_0_54.jpg,0
city_road_0_55.jpg,0
city_road_0_56.jpg,0
city_road_0_57.jpg,0
city_road_0_58.jpg,0
city_road_0_59.jpg,0
city_road_0_6.jpg,0
city_road_0_60.jpg,0
city_road_0_61.jpg,0
city_road_0_62.jpg,0
city_road_0_63.jpg,0
city_road_0_64.jpg,0
city_road_0_65.jpg,0
city_road_0_66.jpg,0
city_road_0_67.jpg,0
city_road_0_68.jpg,0
city_road_0_69.jpg,0
city_road_0_7.jpg,0
city_road_0_70.jpg,0
city_road_0_71.jpg,0
city_road_0_72.jpg,0
city_road_0_73.jpg,0
city_road_0_74.jpg,0
city_road_0_75.jpg,0
city_road_0_76.jpg,0
city_road_0_77.jpg,0
city_road_0_78.jpg,0
city_road_0_79.jpg,0
city_road_0_8.jpg,0
city_road_0_9.jpg,0
city_road_1_0.jpg,0
city_road_1_1.jpg,0
city_road_1_10.jpg,0
city_road_1_11.jpg,0
city_road_1_12.jpg,0
city_road_1_13.jpg,0
city_road_1_14.jpg,0
city_road_1_15.jpg,0
city_road_1_16.jpg,0
city_road_1_17.jpg,0
city_road_1_18.jpg,0
city_road_1_19.jpg,0
city_road_1_2.jpg,0
city_road_1_20.jpg,0
city_road_1_21.jpg,0
city_road_1_22.jpg,0
city_road_1_23.jpg,0
city_road_1_24.jpg,0
city_road_1_25.jpg,0
city_road_1_26.jpg,0
city_road_1_27.jpg,0
city_road_1_28.jpg,0
city_road_1_29.jpg,0
city_road_1_3.jpg,0
city_road_1_30.jpg,0
city_road_1_31.jpg,0
city_road_1_32.jpg,0
city_road_1_33.jpg,0
city_road_1_34.jpg,0
city_road_1_35.jpg,0
city_road_1_36.jpg,0
city_road_1_37.jpg,0
city_road_1_38.jpg,0
city_road_1_39.jpg,0
city_road_1_4.jpg,0
city_road_1_40.jpg,0
city_road_1_41.jpg,0
city_road_1_42.jpg,0
city_road_1_43.jpg,0
city_road_1_44.jpg,0
city_road_1_45.jpg,0
city_road_1_46.jpg,0
city_road_1_47.jpg,0
city_road_1_48.jpg,0
city_road_1_49.jpg,0
city_road_1_5.jpg,0
city_road_1_50.jpg,0
city_road_1_51.jpg,0
city_road_1_52.jpg,0
city_road_1_53.jpg,0
city_road_1_54.jpg,0
city_road_1_55.jpg,0
city_road_1_56.jpg,0
city_road_1_57.jpg,0
city_road_1_58.jpg,0
city_road_1_59.jpg,0
city_road_1_6.jpg,0
city_road_1_60.jpg,0
city_road_1_61.jpg,0
city_road_1_62.jpg,0
city_road_1_63.jpg,0
city_road_1_64.jpg,0
city_road_1_65.jpg,0
city_road_1_66.jpg,0
city_road_1_67.jpg,0
city_road_1_68.jpg,0
city_road_1_69.jpg,0
city_road_1_7.jpg,0
city_road_1_70.jpg,0
city_road_1_71.jpg,0
city_road_1_72.jpg,0
city_road_1_73.jpg,0
city_road_1_74.jpg,0
city_road_1_75.jpg,0
city_road_1_76.jpg,0
city_road_1_77.jpg,0
city_road_1_78.jpg,0
city_road_1_79.jpg,0
city_road_1_8.jpg,0
city_road_1_9.jpg,0
city_road_2_0.jpg,0
city_road_2_1.jpg,0
city_road_2_10.jpg,0
city_road_2_11.jpg,0
city_road_2_12.jpg,0
city_road_2_13.jpg,0
city_road_2_14.jpg,0
city_road_2_15.jpg,0
city_road_2_16.jpg,0
city_road_2_17.jpg,0
city_road_2_18.jpg,0
city_road_2_19.jpg,0
city_road_2_2.jpg,0
city_road_2_20.jpg,0
city_road_2_21.jpg,0
city_road_2_22.jpg,0
city_road_2_23.jpg,0
city_road_2_24.jpg,0
city_road_2_25.jpg,0
city_road_2_26.jpg,0
city_road_2_27.jpg,0
city_road_2_28.jpg,0
city_road_2_29.jpg,0
city_road_2_3.jpg,0
city_road_2_30.jpg,0
city_road_2_31.jpg,0
city_road_2_32.jpg,0
city_road_2_33.jpg,0
city_road_2_34.jpg,0
city_road_2_35.jpg,0
city_road_2_36.jpg,0
city_road_2_37.jpg,0
city_road_2_38.jpg,0
city_road_2_39.jpg,0
city_road_2_4.jpg,0
city_road_2_40.jpg,0
city_road_2_41.jpg,0
city_road_2_42.jpg,0
city_road_2_43.jpg,0
city_road_2_44.jpg,0
city_road_2_45.jpg,0
city_road_2_46.jpg,0
city_road_2_47.jpg,0
city_road_2_48.jpg,0
city_road_2_49.jpg,0
city_road_2_5.jpg,0
city_road_2_50.jpg,0
city_road_2_51.jpg,0
city_road_2_52.jpg,0
city_road_2_53.jpg,0
city_road_2_54.jpg,0
city_road_2_55.jpg,0
city_road_2_56.jpg,0
city_road_2_57.jpg,0
city_road_2_58.jpg,0
city_road_2_59.jpg,0
city_road_2_6.jpg,0
city_road_2_60.jpg,0
city_road_2_61.jpg,0
city_road_2_62.jpg,0
city_road_2_63.jpg,0
city_road_2_64.jpg,0
city_road_2_65.jpg,0
city_road_2_66.jpg,0
city_road_2_67.jpg,0
city_road_2_68.jpg,0
city_road_2_69.jpg,0
city_road_2_7.jpg,0
city_road_2_70.jpg,0
city_road_2_71.jpg,0
city_road_2_72.jpg,0
city_road_2_73.jpg,0
city_road_2_74.jpg,0
city_road_2_75.jpg,0
city_road_2_76.jpg,0
city_road_2_77.jpg,0
city_road_2_78.jpg,0
city_road_2_79.jpg,0
city_road_2_8.jpg,0
city_road_2_9.jpg,0
city_road_3_0.jpg,0
city_road_3_1.jpg,0
city_road_3_10.jpg,0
city_road_3_11.jpg,0
city_road_3_12.jpg,0
city_road_3_13.jpg,0
city_road_3_14.jpg,0
city_road_3_15.jpg,0
city_road_3_16.jpg,0
city_road_3_17.jpg,0
city_road_3_18.jpg,0
city_road_3_19.jpg,0
city_road_3_2.jpg,0
city_road_3_20.jpg,0
city_road_3_21.jpg,0
city_road_3_22.jpg,0
city_road_3_23.jpg,0
city_road_3_24.jpg,0
city_road_3_25.jpg,0
city_road_3_26.jpg,0
city_road_3_27.jpg,0
city_road_3_28.jpg,0
city_road_3_29.jpg,0
city_road_3_3.jpg,0
city_road_3_30.jpg,0
city_road_3_31.jpg,0
city_road_3_32.jpg,0
city_road_3_33.jpg,0
city_road_3_34.jpg,0
city_road_3_35.jpg,0
city_road_3_36.jpg,0
city_road_3_37.jpg,0
city_road_3_38.jpg,0
city_road_3_39.jpg,0
city_road_3_4.jpg,0
city_road_3_40.jpg,0
city_road_3_41.jpg,0
city_road_3_42.jpg,0
city_road_3_43.jpg,0
city_road_3_44.jpg,0
city_road_3_45.jpg,0
city_road_3_46.jpg,0
city_road_3_47.jpg,0
city_road_3_48.jpg,0
city_road_3_49.jpg,0
city_road_3_5.jpg,0
city_road_3_50.jpg,0
city_road_3_51.jpg,0
city_road_3_52.jpg,0
city_road_3_53.jpg,0
city_road_3_54.jpg,0
city_road_3_55.jpg,0
city_road_3_56.jpg,0
city_road_3_57.jpg,0
city_road_3_58.jpg,0
city_road_3_59.jpg,0
city_road_3_6.jpg,0
city_road_3_60.jpg,0
city_road_3_61.jpg,0
city_road_3_62.jpg,0
city_road_3_63.jpg,0
city_road_3_64.jpg,0
city_road_3_65.jpg,0
city_road_3_66.jpg,0
city_road_3_67.jpg,0
city_road_3_68.jpg,0
city_road_3_69.jpg,0
city_road_3_7.jpg,0
city_road_3_70.jpg,0
city_road_3_71.jpg,0
city_road_3_72.jpg,0
city_road_3_73.jpg,0
city_road_3_74.jpg,0
city_road_3_75.jpg,0
city_road_3_76.jpg,0
city_road_3_77.jpg,0
city_road_3_78.jpg,0
city_road_3_79.jpg,0
city_road_3_8.jpg,0
city_road_3_9.jpg,0
city_road_4_0.jpg,0
city_road_4_1.jpg,0
city_road_4_10.jpg,0
city_road_4_11.jpg,0
city_road_4_12.jpg,0
city_road_4_13.jpg,0
city_road_4_14.jpg,0
city_road_4_15.jpg,0
city_road_4_16.jpg,0
city_road_4_17.jpg,0
city_road_4_18.jpg,0
city_road_4_19.jpg,0
city_road_4_2.jpg,0
city_road_4_20.jpg,0
city_road_4_21.jpg,0
city_road_4_22.jpg,0
city_road_4_23.jpg,0
city_road_4_24.jpg,0
city_road_4_25.jpg,0
city_road_4_26.jpg,0
city_road_4_27.jpg,0
city_road_4_28.jpg,0
city_road_4_29.jpg,0
city_road_4_3.jpg,0
city_road_4_30.jpg,0
city_road_4_31.jpg,0
city_road_4_32.jpg,0
city_road_4_33.jpg,0
city_road_4_34.jpg,0
city_road_4_35.jpg,0
city_road_4_36.jpg,0
city_road_4_37.jpg,0
city_road_4_38.jpg,0
city_road_4_39.jpg,0
city_road_4_4.jpg,0
city_road_4_40.jpg,0
city_road_4_41.jpg,0
city_road_4_42.jpg,0
city_road_4_43.jpg,0
city_road_4_44.jpg,0
city_road_4_45.jpg,0
city_road_4_46.jpg,0
city_road_4_47.jpg,0
city_road_4_48.jpg,0
city_road_4_49.jpg,0
city_road_4_5.jpg,0
city_road_4_50.jpg,0
city_road_4_51.jpg,0
city_road_4_52.jpg,0
city_road_4_53.jpg,0
city_road_4_54.jpg,0
city_road_4_55.jpg,0
city_road_4_56.jpg,0
city_road_4_57.jpg,0
city_road_4_58.jpg,0
city_road_4_59.jpg,0
city_road_4_6.jpg,0
city_road_4_60.jpg,0
city_road_4_61.jpg,0
city_road_4_62.jpg,0
city_road_4_63.jpg,0
city_road_4_64.jpg,0
city_road_4_65.jpg,0
city_road_4_66.jpg,0
city_road_4_67.jpg,0
city_road_4_68.jpg,0
city_road_4_69.jpg,0
city_road_4_7.jpg,0
city_road_4_70.jpg,0
city_road_4_71.jpg,0
city_road_4_72.jpg,0
city_road_4_73.jpg,0
city_road_4_74.jpg,0
city_road_4_75.jpg,0
city_road_4_76.jpg,0
city_road_4_77.jpg,0
city_road_4_78.jpg,0
city_road_4_79.jpg,0
city_road_4_8.jpg,0
city_road_4_9.jpg,0
road_0_0.jpg,0
road_0_1.jpg,0
road_0_10.jpg,0
road_0_11.jpg,0
road_0_12.jpg,0
road_0_13.jpg,0
road_0_14.jpg,0
road_0_15.jpg,0
road_0_16.jpg,0
road_0_17.jpg,0
road_0_18.jpg,0
road_0_19.jpg,0
road_0_2.jpg,0
road_0_20.jpg,0
road_0_21.jpg,0
road_0_22.jpg,0
road_0_23.jpg,0
road_0_24.jpg,0
road_0_25.jpg,0
road_0_26.jpg,0
road_0_27.jpg,0
road_0_28.jpg,0
road_0_29.jpg,0
road_0_3.jpg,0
road_0_30.jpg,0
road_0_31.jpg,0
road_0_32.jpg,0
road_0_33.jpg,0
road_0_34.jpg,0
road_0_35.jpg,0
road_0_36.jpg,0
road_0_37.jpg,0
road_0_38.jpg,0
road_0_39.jpg,0
road_0_4.jpg,0
road_0_40.jpg,0
road_0_41.jpg,0
road_0_42.jpg,0
road_0_43.jpg,0
road_0_44.jpg,0
road_0_45.jpg,0
road_0_46.jpg,0
road_0_47.jpg,0
road_0_48.jpg,0
road_0_49.jpg,0
road_0_5.jpg,0
road_0_50.jpg,0
road_0_51.jpg,0
road_0_52.jpg,0
road_0_53.jpg,0
road_0_54.jpg,0
road_0_55.jpg,0
road_0_56.jpg,0
road_0_57.jpg,0
road_0_58.jpg,0
road_0_59.jpg,0
road_0_6.jpg,0
road_0_60.jpg,0
road_0_61.jpg,0
road_0_62.jpg,0
road_0_63.jpg,0
road_0_64.jpg,0
road_0_65.jpg,0
road_0_66.jpg,0
road_0_67.jpg,0
road_0_68.jpg,0
road_0_69.jpg,0
road_0_7.jpg,0
road_0_70.jpg,0
road_0_71.jpg,0
road_0_72.jpg,0
road_0_73.jpg,0
road_0_74.jpg,0
road_0_75.jpg,0
road_0_76.jpg,0
road_0_77.jpg,0
road_0_78.jpg,0
road_0_79.jpg,0
road_0_8.jpg,0
road_0_9.jpg,0
road_1_0.jpg,0
road_1_1.jpg,0
road_1_10.jpg,0
road_1_11.jpg,0
road_1_12.jpg,0
road_1_13.jpg,0
road_1_14.jpg,0
road_1_15.jpg,0
road_1_16.jpg,0
road_1_17.jpg,0
road_1_18.jpg,0
road_1_19.jpg,0
road_1_2.jpg,0
road_1_20.jpg,0
road_1_21.jpg,0
road_1_22.jpg,0
road_1_23.jpg,0
road_1_24.jpg,0
road_1_25.jpg,0
road_1_26.jpg,0
road_1_27.jpg,0
road_1_28.jpg,0
road_1_29.jpg,0
road_1_3.jpg,0
road_1_30.jpg,0
road_1_31.jpg,0
road_1_32.jpg,0
road_1_33.jpg,0
road_1_34.jpg,0
road_1_35.jpg,0
road_1_36.jpg,0
road_1_37.jpg,0
road_1_38.jpg,0
road_1_39.jpg,0
road_1_4.jpg,0
road_1_40.jpg,0
road_1_41.jpg,0
road_1_42.jpg,0
road_1_43.jpg,0
road_1_44.jpg,0
road_1_45.jpg,0
road_1_46.jpg,0
road_1_47.jpg,0
road_1_48.jpg,0
road_1_49.jpg,0
road_1_5.jpg,0
road_1_50.jpg,0
road_1_51.jpg,0
road_1_52.jpg,0
road_1_53.jpg,0
road_1_54.jpg,0
road_1_55.jpg,0
road_1_56.jpg,0
road_1_57.jpg,0
road_1_58.jpg,0
road_1_59.jpg,0
road_1_6.jpg,0
road_1_60.jpg,0
road_1_61.jpg,0
road_1_62.jpg,0
road_1_63.jpg,0
road_1_64.jpg,0
road_1_65.jpg,0
road_1_66.jpg,0
road_1_67.jpg,0
road_1_68.jpg,0
road_1_69.jpg,0
road_1_7.jpg,0
road_1_70.jpg,0
road_1_71.jpg,0
road_1_72.jpg,0
road_1_73.jpg,0
road_1_74.jpg,0
road_1_75.jpg,0
road_1_76.jpg,0
road_1_77.jpg,0
road_1_78.jpg,0
road_1_79.jpg,0
road_1_8.jpg,0
road_1_9.jpg,0
road_2_0.jpg,0
road_2_1.jpg,0
road_2_10.jpg,0
road_2_11.jpg,0
road_2_12.jpg,0
road_2_13.jpg,0
road_2_14.jpg,0
road_2_15.jpg,0
road_2_16.jpg,0
road_2_17.jpg,0
road_2_18.jpg,0
road_2_19.jpg,0
road_2_2.jpg,0
road_2_20.jpg,0
road_2_21.jpg,0
road_2_22.jpg,0
road_2_23.jpg,0
road_2_24.jpg,0
road_2_25.jpg,0
road_2_26.jpg,0
road_2_27.jpg,0
road_2_28.jpg,0
road_2_29.jpg,0
road_2_3.jpg,0
road_2_30.jpg,0
road_2_31.jpg,0
road_2_32.jpg,0
road_2_33.jpg,0
road_2_34.jpg,0
road_2_35.jpg,0
road_2_36.jpg,0
road_2_37.jpg,0
road_2_38.jpg,0
road_2_39.jpg,0
road_2_4.jpg,0
road_2_40.jpg,0
road_2_41.jpg,0
road_2_42.jpg,0
road_2_43.jpg,0
road_2_44.jpg,0
road_2_45.jpg,0
road_2_46.jpg,0
road_2_47.jpg,0
road_2_48.jpg,0
road_2_49.jpg,0
road_2_5.jpg,0
road_2_50.jpg,0
road_2_51.jpg,0
road_2_52.jpg,0
road_2_53.jpg,0
road_2_54.jpg,0
road_2_55.jpg,0
road_2_56.jpg,0
road_2_57.jpg,0
road_2_58.jpg,0
road_2_59.jpg,0
road_2_6.jpg,0
road_2_60.jpg,0
road_2_61.jpg,0
road_2_62.jpg,0
road_2_63.jpg,0
road_2_64.jpg,0
road_2_65.jpg,0
road_2_66.jpg,0
road_2_67.jpg,0
road_2_68.jpg,0
road_2_69.jpg,0
road_2_7.jpg,0
road_2_70.jpg,0
road_2_71.jpg,0
road_2_72.jpg,0
road_2_73.jpg,0
road_2_74.jpg,0
road_2_75.jpg,0
road_2_76.jpg,0
road_2_77.jpg,0
road_2_78.jpg,0
road_2_79.jpg,0
road_2_8.jpg,0
road_2_9.jpg,0
road_3_0.jpg,0
road_3_1.jpg,0
road_3_10.jpg,0
road_3_11.jpg,0
road_3_12.jpg,0
road_3_13.jpg,0
road_3_14.jpg,0
road_3_15.jpg,0
road_3_16.jpg,0
road_3_17.jpg,0
road_3_18.jpg,0
road_3_19.jpg,0
road_3_2.jpg,0
road_3_20.jpg,0
road_3_21.jpg,0
road_3_22.jpg,0
road_3_23.jpg,0
road_3_24.jpg,0
road_3_25.jpg,0
road_3_26.jpg,0
road_3_27.jpg,0
road_3_28.jpg,0
road_3_29.jpg,0
road_3_3.jpg,0
road_3_30.jpg,0
road_3_31.jpg,0
road_3_32.jpg,0
road_3_33.jpg,0
road_3_34.jpg,0
road_3_35.jpg,0
road_3_36.jpg,0
road_3_37.jpg,0
road_3_38.jpg,0
road_3_39.jpg,0
road_3_4.jpg,0
road_3_40.jpg,0
road_3_41.jpg,0
road_3_42.jpg,0
road_3_43.jpg,0
road_3_44.jpg,0
road_3_45.jpg,0
road_3_46.jpg,0
road_3_47.jpg,0
road_3_48.jpg,0
road_3_49.jpg,0
road_3_5.jpg,0
road_3_50.jpg,0
road_3_51.jpg,0
road_3_52.jpg,0
road_3_53.jpg,0
road_3_54.jpg,0
road_3_55.jpg,0
road_3_56.jpg,0
road_3_57.jpg,0
road_3_58.jpg,0
road_3_59.jpg,0
road_3_6.jpg,0
road_3_60.jpg,0
road_3_61.jpg,0
road_3_62.jpg,0
road_3_63.jpg,0
road_3_64.jpg,0
road_3_65.jpg,0
road_3_66.jpg,0
road_3_67.jpg,0
road_3_68.jpg,0
road_3_69.jpg,0
road_3_7.jpg,0
road_3_70.jpg,0
road_3_71.jpg,0
road_3_72.jpg,0
road_3_73.jpg,0
road_3_74.jpg,0
road_3_75.jpg,0
road_3_76.jpg,0
road_3_77.jpg,0
road_3_78.jpg,0
road_3_79.jpg,0
road_3_8.jpg,0
road_3_9.jpg,0
road_4_0.jpg,0
road_4_1.jpg,0
road_4_10.jpg,0
road_4_11.jpg,0
road_4_12.jpg,0
road_4_13.jpg,0
road_4_14.jpg,0
road_4_15.jpg,0
road_4_16.jpg,0
road_4_17.jpg,0
road_4_18.jpg,0
road_4_19.jpg,0
road_4_2.jpg,0
road_4_20.jpg,0
road_4_21.jpg,0
road_4_22.jpg,0
road_4_23.jpg,0
road_4_24.jpg,0
road_4_25.jpg,0
road_4_26.jpg,0
road_4_27.jpg,0
road_4_28.jpg,0
road_4_29.jpg,0
road_4_3.jpg,0
road_4_30.jpg,0
road_4_31.jpg,0
road_4_32.jpg,0
road_4_33.jpg,0
road_4_34.jpg,0
road_4_35.jpg,0
road_4_36.jpg,0
road_4_37.jpg,0
road_4_38.jpg,0
road_4_39.jpg,0
road_4_4.jpg,0
road_4_40.jpg,0
road_4_41.jpg,0
road_4_42.jpg,0
road_4_43.jpg,0
road_4_44.jpg,0
road_4_45.jpg,0
road_4_46.jpg,0
road_4_47.jpg,0
road_4_48.jpg,0
road_4_49.jpg,0
road_4_5.jpg,0
road_4_50.jpg,0
road_4_51.jpg,0
road_4_52.jpg,0
road_4_53.jpg,0
road_4_54.jpg,0
road_4_55.jpg,0
road_4_56.jpg,0
road_4_57.jpg,0
road_4_58.jpg,0
road_4_59.jpg,0
road_4_6.jpg,0
road_4_60.jpg,0
road_4_61.jpg,0
road_4_62.jpg,0
road_4_63.jpg,0
road_4_64.jpg,0
road_4_65.jpg,0
road_4_66.jpg,0
road_4_67.jpg,0
road_4_68.jpg,0
road_4_69.jpg,0
road_4_7.jpg,0
road_4_70.jpg,0
road_4_71.jpg,0
road_4_72.jpg,0
road_4_73.jpg,0
road_4_74.jpg,0
road_4_75.jpg,0
road_4_76.jpg,0
road_4_77.jpg,0
road_4_78.jpg,0
road_4_79.jpg,0
road_4_8.jpg,0
road_4_9.jpg,0
woods_0_0.jpg,0
woods_0_1.jpg,0
woods_0_10.jpg,0
woods_0_11.jpg,0
woods_0_12.jpg,0
woods_0_13.jpg,0
woods_0_14.jpg,0
woods_0_15.jpg,0
woods_0_16.jpg,0
woods_0_17.jpg,0
woods_0_18.jpg,0
woods_0_19.jpg,0
woods_0_2.jpg,0
woods_0_20.jpg,0
woods_0_21.jpg,0
woods_0_22.jpg,0
woods_0_23.jpg,0
woods_0_24.jpg,0
woods_0_25.jpg,0
woods_0_26.jpg,0
woods_0_27.jpg,0
woods_0_28.jpg,0
woods_0_29.jpg,0
woods_0_3.jpg,0
woods_0_30.jpg,0
woods_0_31.jpg,0
woods_0_32.jpg,0
woods_0_33.jpg,0
woods_0_34.jpg,0
woods_0_35.jpg,0
woods_0_36.jpg,0
woods_0_37.jpg,0
woods_0_38.jpg,0
woods_0_39.jpg,0
woods_0_4.jpg,0
woods_0_40.jpg,0
woods_0_41.jpg,0
woods_0_42.jpg,0
woods_0_43.jpg,0
woods_0_44.jpg,0
woods_0_45.jpg,0
woods_0_46.jpg,0
woods_0_47.jpg,0
woods_0_48.jpg,0
woods_0_49.jpg,0
woods_0_5.jpg,0
woods_0_50.jpg,0
woods_0_51.jpg,0
woods_0_52.jpg,0
woods_0_53.jpg,0
woods_0_54.jpg,0
woods_0_55.jpg,0
woods_0_56.jpg,0
woods_0_57.jpg,0
woods_0_58.jpg,0
woods_0_59.jpg,0
woods_0_6.jpg,0
woods_0_60.jpg,0
woods_0_61.jpg,0
woods_0_62.jpg,0
woods_0_63.jpg,0
woods_0_64.jpg,0
woods_0_65.jpg,0
woods_0_66.jpg,0
woods_0_67.jpg,0
woods_0_68.jpg,0
woods_0_69.jpg,0
woods_0_7.jpg,0
woods_0_70.jpg,0
woods_0_71.jpg,0
woods_0_72.jpg,0
woods_0_73.jpg,0
woods_0_74.jpg,0
woods_0_75.jpg,0
woods_0_76.jpg,0
woods_0_77.jpg,0
woods_0_78.jpg,0
woods_0_79.jpg,0
woods_0_8.jpg,0
woods_0_9.jpg,0
woods_1_0.jpg,0
woods_1_1.jpg,0
woods_1_10.jpg,0
woods_1_11.jpg,0
woods_1_12.jpg,0
woods_1_13.jpg,0
woods_1_14.jpg,0
woods_1_15.jpg,0
woods_1_16.jpg,0
woods_1_17.jpg,0
woods_1_18.jpg,0
woods_1_19.jpg,0
woods_1_2.jpg,0
woods_1_20.jpg,0
woods_1_21.jpg,0
woods_1_22.jpg,0
woods_1_23.jpg,0
woods_1_24.jpg,0
woods_1_25.jpg,0
woods_1_26.jpg,0
woods_1_27.jpg,0
woods_1_28.jpg,0
woods_1_29.jpg,0
woods_1_3.jpg,0
woods_1_30.jpg,0
woods_1_31.jpg,0
woods_1_32.jpg,0
woods_1_33.jpg,0
woods_1_34.jpg,0
woods_1_35.jpg,0
woods_1_36.jpg,0
woods_1_37.jpg,0
woods_1_38.jpg,0
woods_1_39.jpg,0
woods_1_4.jpg,0
woods_1_40.jpg,0
woods_1_41.jpg,0
woods_1_42.jpg,0
woods_1_43.jpg,0
woods_1_44.jpg,0
woods_1_45.jpg,0
woods_1_46.jpg,0
woods_1_47.jpg,0
woods_1_48.jpg,0
woods_1_49.jpg,0
woods_1_5.jpg,0
woods_1_50.jpg,0
woods_1_51.jpg,0
woods_1_52.jpg,0
woods_1_53.jpg,0
woods_1_54.jpg,0
woods_1_55.jpg,0
woods_1_56.jpg,0
woods_1_57.jpg,0
woods_1_58.jpg,0
woods_1_59.jpg,0
woods_1_6.jpg,0
woods_1_60.jpg,0
woods_1_61.jpg,0
woods_1_62.jpg,0
woods_1_63.jpg,0
woods_1_64.jpg,0
woods_1_65.jpg,0
woods_1_66.jpg,0
woods_1_67.jpg,0
woods_1_68.jpg,0
woods_1_69.jpg,0
woods_1_7.jpg,0
woods_1_70.jpg,0
woods_1_71.jpg,0
woods_1_72.jpg,0
woods_1_73.jpg,0
woods_1_74.jpg,0
woods_1_75.jpg,0
woods_1_76.jpg,0
woods_1_77.jpg,0
woods_1_78.jpg,0
woods_1_79.jpg,0
woods_1_8.jpg,0
woods_1_9.jpg,0
woods_2_0.jpg,0
woods_2_10.jpg,0
woods_2_11.jpg,0
woods_2_12.jpg,0
woods_2_13.jpg,0
woods_2_14.jpg,0
woods_2_15.jpg,0
woods_2_16.jpg,0
woods_2_17.jpg,0
woods_2_18.jpg,0
woods_2_19.jpg,0
woods_2_2.jpg,0
woods_2_20.jpg,0
woods_2_21.jpg,0
woods_2_22.jpg,0
woods_2_23.jpg,0
woods_2_24.jpg,0
woods_2_25.jpg,0
woods_2_26.jpg,0
woods_2_27.jpg,0
woods_2_28.jpg,0
woods_2_29.jpg,0
woods_2_3.jpg,0
woods_2_30.jpg,0
woods_2_31.jpg,0
woods_2_32.jpg,0
woods_2_33.jpg,0
woods_2_34.jpg,0
woods_2_35.jpg,0
woods_2_36.jpg,0
woods_2_37.jpg,0
woods_2_38.jpg,0
woods_2_39.jpg,0
woods_2_4.jpg,0
woods_2_40.jpg,0
woods_2_41.jpg,0
woods_2_42.jpg,0
woods_2_43.jpg,0
woods_2_44.jpg,0
woods_2_45.jpg,0
woods_2_46.jpg,0
woods_2_47.jpg,0
woods_2_48.jpg,0
woods_2_49.jpg,0
woods_2_5.jpg,0
woods_2_50.jpg,0
woods_2_51.jpg,0
woods_2_52.jpg,0
woods_2_53.jpg,0
woods_2_54.jpg,0
woods_2_55.jpg,0
woods_2_56.jpg,0
woods_2_57.jpg,0
woods_2_58.jpg,0
woods_2_59.jpg,0
woods_2_6.jpg,0
woods_2_60.jpg,0
woods_2_61.jpg,0
woods_2_62.jpg,0
woods_2_63.jpg,0
woods_2_64.jpg,0
woods_2_65.jpg,0
woods_2_66.jpg,0
woods_2_67.jpg,0
woods_2_68.jpg,0
woods_2_69.jpg,0
woods_2_7.jpg,0
woods_2_70.jpg,0
woods_2_71.jpg,0
woods_2_72.jpg,0
woods_2_73.jpg,0
woods_2_74.jpg,0
woods_2_75.jpg,0
woods_2_76.jpg,0
woods_2_77.jpg,0
woods_2_78.jpg,0
woods_2_79.jpg,0
woods_2_8.jpg,0
woods_2_9.jpg,0
woods_3_0.jpg,0
woods_3_1.jpg,0
woods_3_10.jpg,0
woods_3_11.jpg,0
woods_3_12.jpg,0
woods_3_13.jpg,0
woods_3_14.jpg,0
woods_3_15.jpg,0
woods_3_16.jpg,0
woods_3_17.jpg,0
woods_3_18.jpg,0
woods_3_19.jpg,0
woods_3_2.jpg,0
woods_3_20.jpg,0
woods_3_21.jpg,0
woods_3_22.jpg,0
woods_3_23.jpg,0
woods_3_24.jpg,0
woods_3_25.jpg,0
woods_3_26.jpg,0
woods_3_27.jpg,0
woods_3_28.jpg,0
woods_3_29.jpg,0
woods_3_3.jpg,0
woods_3_30.jpg,0
woods_3_31.jpg,0
woods_3_32.jpg,0
woods_3_33.jpg,0
woods_3_34.jpg,0
woods_3_35.jpg,0
woods_3_36.jpg,0
woods_3_37.jpg,0
woods_3_38.jpg,0
woods_3_39.jpg,0
woods_3_4.jpg,0
woods_3_40.jpg,0
woods_3_41.jpg,0
woods_3_42.jpg,0
woods_3_43.jpg,0
woods_3_44.jpg,0
woods_3_45.jpg,0
woods_3_46.jpg,0
woods_3_47.jpg,0
woods_3_48.jpg,0
woods_3_49.jpg,0
woods_3_5.jpg,0
woods_3_50.jpg,0
woods_3_51.jpg,0
woods_3_52.jpg,0
woods_3_53.jpg,0
woods_3_54.jpg,0
woods_3_55.jpg,0
woods_3_56.jpg,0
woods_3_57.jpg,0
woods_3_58.jpg,0
woods_3_59.jpg,0
woods_3_6.jpg,0
woods_3_60.jpg,0
woods_3_61.jpg,0
woods_3_62.jpg,0
woods_3_63.jpg,0
woods_3_64.jpg,0
woods_3_65.jpg,0
woods_3_66.jpg,0
woods_3_67.jpg,0
woods_3_68.jpg,0
woods_3_69.jpg,0
woods_3_7.jpg,0
woods_3_70.jpg,0
woods_3_71.jpg,0
woods_3_72.jpg,0
woods_3_73.jpg,0
woods_3_74.jpg,0
woods_3_75.jpg,0
woods_3_76.jpg,0
woods_3_77.jpg,0
woods_3_78.jpg,0
woods_3_79.jpg,0
woods_3_8.jpg,0
woods_3_9.jpg,0
woods_4_0.jpg,0
woods_4_1.jpg,0
woods_4_10.jpg,0
woods_4_11.jpg,0
woods_4_12.jpg,0
woods_4_13.jpg,0
woods_4_14.jpg,0
woods_4_15.jpg,0
woods_4_16.jpg,0
woods_4_17.jpg,0
woods_4_18.jpg,0
woods_4_19.jpg,0
woods_4_2.jpg,0
woods_4_20.jpg,0
woods_4_21.jpg,0
woods_4_22.jpg,0
woods_4_23.jpg,0
woods_4_24.jpg,0
woods_4_25.jpg,0
woods_4_26.jpg,0
woods_4_27.jpg,0
woods_4_28.jpg,0
woods_4_29.jpg,0
woods_4_3.jpg,0
woods_4_30.jpg,0
woods_4_31.jpg,0
woods_4_32.jpg,0
woods_4_33.jpg,0
woods_4_34.jpg,0
woods_4_35.jpg,0
woods_4_36.jpg,0
woods_4_37.jpg,0
woods_4_38.jpg,0
woods_4_39.jpg,0
woods_4_4.jpg,0
woods_4_40.jpg,0
woods_4_41.jpg,0
woods_4_42.jpg,0
woods_4_43.jpg,0
woods_4_44.jpg,0
woods_4_45.jpg,0
woods_4_46.jpg,0
woods_4_47.jpg,0
woods_4_48.jpg,0
woods_4_49.jpg,0
woods_4_5.jpg,0
woods_4_50.jpg,0
woods_4_51.jpg,0
woods_4_52.jpg,0
woods_4_53.jpg,0
woods_4_54.jpg,0
woods_4_55.jpg,0
woods_4_56.jpg,0
woods_4_57.jpg,0
woods_4_58.jpg,0
woods_4_59.jpg,0
woods_4_6.jpg,0
woods_4_60.jpg,0
woods_4_61.jpg,0
woods_4_62.jpg,0
woods_4_63.jpg,0
woods_4_64.jpg,0
woods_4_65.jpg,0
woods_4_66.jpg,0
woods_4_67.jpg,0
woods_4_68.jpg,0
woods_4_69.jpg,0
woods_4_7.jpg,0
woods_4_70.jpg,0
woods_4_71.jpg,0
woods_4_72.jpg,0
woods_4_73.jpg,0
woods_4_74.jpg,0
woods_4_75.jpg,0
woods_4_76.jpg,0
woods_4_77.jpg,0
woods_4_78.jpg,0
woods_4_79.jpg,0
woods_4_8.jpg,0
woods_4_9.jpg,0
